playerName,status,runs,balls,fours,sixes,strikeRate,battingTeam,CRR,overs,totalScore,matchId
Aaron Johnson,c Nitish Kumar b Harmeet Singh,23,16,5,0,143.75,CAN,9.70,20.0,194,239603
Navneet Dhaliwal,c Jessy Singh b Corey Anderson,61,44,6,3,138.63,CAN,9.70,20.0,194,239603
Pargat Singh,run out (Jessy Singh / Monank Patel),5,7,0,0,71.42,CAN,9.70,20.0,194,239603
Nicholas Kirton,c Corey Anderson b Ali Khan,51,31,3,2,164.51,CAN,9.70,20.0,194,239603
Shreyas Movva (wk),not out,32,16,2,2,200,CAN,9.70,20.0,194,239603
Dilpreet Bajwa,run out (Steven Taylor / Monank Patel),11,5,1,1,220,CAN,9.70,20.0,194,239603
Dilon Heyliger,not out,1,1,0,0,100,CAN,9.70,20.0,194,239603
Saad Bin Zafar (c),,,,,,,CAN,9.70,20.0,194,239603
Nikhil Dutta,,,,,,,CAN,9.70,20.0,194,239603
Kaleem Sana,,,,,,,CAN,9.70,20.0,194,239603
Jeremy Gordon,,,,,,,CAN,9.70,20.0,194,239603
Steven Taylor,lbw b Kaleem Sana,0,2,0,0,0,USA,11.15,17.4,197,239603
Monank Patel (c) (wk),c Shreyas Movva b Dilon Heyliger,16,16,2,0,100,USA,11.15,17.4,197,239603
Andries Gous,c Aaron Johnson b Nikhil Dutta,65,46,7,3,141.30,USA,11.15,17.4,197,239603
Aaron Jones,not out,94,40,4,10,235,USA,11.15,17.4,197,239603
Corey Anderson,not out,3,5,0,0,60,USA,11.15,17.4,197,239603
Nitish Kumar,,,,,,,USA,11.15,17.4,197,239603
Harmeet Singh,,,,,,,USA,11.15,17.4,197,239603
Shadley Van Schalkwyk,,,,,,,USA,11.15,17.4,197,239603
Jessy Singh,,,,,,,USA,11.15,17.4,197,239603
Saurabh Netravalkar,,,,,,,USA,11.15,17.4,197,239603
Ali Khan,,,,,,,USA,11.15,17.4,197,239603
Tony Ura,c Nicholas Pooran b Romario Shepherd,2,5,0,0,40,PNG,6.80,20.0,136,239604
Assad Vala (c),c Roston Chase b Alzarri Joseph,21,22,2,1,95.45,PNG,6.80,20.0,136,239604
Lega Siaka,b Akeal Hosein,1,2,0,0,50,PNG,6.80,20.0,136,239604
Sese Bau,b Alzarri Joseph,50,43,6,1,116.27,PNG,6.80,20.0,136,239604
Hiri Hiri,c Rovman Powell b Gudakesh Motie,2,6,0,0,33.33,PNG,6.80,20.0,136,239604
Charles Amini,c Nicholas Pooran b Andre Russell,12,14,0,0,85.71,PNG,6.80,20.0,136,239604
Kiplin Doriga (wk),not out,27,18,3,0,150,PNG,6.80,20.0,136,239604
Chad Soper,b Andre Russell,10,9,1,0,111.11,PNG,6.80,20.0,136,239604
Alei Nao,run out (Alzarri Joseph),0,0,0,0,,PNG,6.80,20.0,136,239604
Kabua Morea,not out,2,2,0,0,100,PNG,6.80,20.0,136,239604
John Kariko,,,,,,,PNG,6.80,20.0,136,239604
Brandon King,c Lega Siaka b Assad Vala,34,29,7,0,117.24,WI,7.21,19.0,137,239604
Johnson Charles,lbw b Alei Nao,0,1,0,0,0,WI,7.21,19.0,137,239604
Nicholas Pooran (wk),c Tony Ura b John Kariko,27,27,1,2,100,WI,7.21,19.0,137,239604
Roston Chase,not out,42,27,4,2,155.55,WI,7.21,19.0,137,239604
Rovman Powell (c),c Kiplin Doriga b Chad Soper,15,14,2,0,107.14,WI,7.21,19.0,137,239604
Sherfane Rutherford,c Kiplin Doriga b Assad Vala,2,7,0,0,28.57,WI,7.21,19.0,137,239604
Andre Russell,not out,15,9,0,1,166.66,WI,7.21,19.0,137,239604
Romario Shepherd,,,,,,,WI,7.21,19.0,137,239604
Akeal Hosein,,,,,,,WI,7.21,19.0,137,239604
Alzarri Joseph,,,,,,,WI,7.21,19.0,137,239604
Gudakesh Motie,,,,,,,WI,7.21,19.0,137,239604
Kashyap Prajapati,lbw b Ruben Trumpelmann,0,1,0,0,0,OMA,5.54,19.4,109,239605
Naseem Khushi (wk),c Gerhard Erasmus b Ruben Trumpelmann,6,6,1,0,100,OMA,5.54,19.4,109,239605
Aqib Ilyas (c),lbw b Ruben Trumpelmann,0,1,0,0,0,OMA,5.54,19.4,109,239605
Zeeshan Maqsood,lbw b Bernard Scholtz,22,20,4,0,110,OMA,5.54,19.4,109,239605
Khalid Kail,c & b David Wiese,34,39,1,1,87.17,OMA,5.54,19.4,109,239605
Ayaan Khan,c Jan Frylinck b Gerhard Erasmus,15,21,0,1,71.42,OMA,5.54,19.4,109,239605
Mohammad Nadeem,lbw b Gerhard Erasmus,6,10,0,0,60,OMA,5.54,19.4,109,239605
Mehran Khan,lbw b David Wiese,7,8,1,0,87.50,OMA,5.54,19.4,109,239605
Shakeel Ahmed,c Ruben Trumpelmann b David Wiese,11,9,2,0,122.22,OMA,5.54,19.4,109,239605
Kaleemullah,lbw b Ruben Trumpelmann,2,3,0,0,66.66,OMA,5.54,19.4,109,239605
Bilal Khan,not out,1,1,0,0,100,OMA,5.54,19.4,109,239605
Michael Van Lingen,b Bilal Khan,0,2,0,0,0,NAM,5.45,20.0,109,239605
Nikolaas Davin,c Mohammad Nadeem b Aqib Ilyas,24,31,2,1,77.41,NAM,5.45,20.0,109,239605
Jan Frylinck,b Mehran Khan,45,48,6,0,93.75,NAM,5.45,20.0,109,239605
Gerhard Erasmus (c),c Zeeshan Maqsood b Ayaan Khan,13,16,1,0,81.25,NAM,5.45,20.0,109,239605
JJ Smit,c Ayaan Khan b Mehran Khan,8,12,1,0,66.66,NAM,5.45,20.0,109,239605
David Wiese,not out,9,8,0,1,112.50,NAM,5.45,20.0,109,239605
Zane Green (wk),lbw b Mehran Khan,0,2,0,0,0,NAM,5.45,20.0,109,239605
Malan Kruger,not out,1,1,0,0,100,NAM,5.45,20.0,109,239605
Ruben Trumpelmann,,,,,,,NAM,5.45,20.0,109,239605
Bernard Scholtz,,,,,,,NAM,5.45,20.0,109,239605
Tangeni Lungameni,,,,,,,NAM,5.45,20.0,109,239605
David Wiese,not out,13,4,1,1,325,NAM,21.00,1.0,21,239605
Gerhard Erasmus (c),not out,8,2,2,0,400,NAM,21.00,1.0,21,239605
Nikolaas Davin,,,,,,,NAM,21.00,1.0,21,239605
Naseem Khushi (wk),b David Wiese,2,3,0,0,66.66,OMA,10.00,1.0,10,239605
Zeeshan Maqsood,not out,1,1,0,0,100,OMA,10.00,1.0,10,239605
Aqib Ilyas (c),not out,7,2,0,1,350,OMA,10.00,1.0,10,239605
Pathum Nissanka,c Heinrich Klaasen b Ottneil Baartman,3,8,0,0,37.50,SL,4.02,19.1,77,239606
Kusal Mendis (wk),c Tristan Stubbs b Anrich Nortje,19,30,1,0,63.33,SL,4.02,19.1,77,239606
Kamindu Mendis,c Reeza Hendricks b Anrich Nortje,11,15,1,0,73.33,SL,4.02,19.1,77,239606
Wanindu Hasaranga (c),st Quinton de Kock b Keshav Maharaj,0,2,0,0,0,SL,4.02,19.1,77,239606
Sadeera Samarawickrama,b Keshav Maharaj,0,1,0,0,0,SL,4.02,19.1,77,239606
Charith Asalanka,c Reeza Hendricks b Anrich Nortje,6,9,0,0,66.66,SL,4.02,19.1,77,239606
Angelo Mathews,c Ottneil Baartman b Anrich Nortje,16,16,0,2,100,SL,4.02,19.1,77,239606
Dasun Shanaka,b Kagiso Rabada,9,10,0,1,90,SL,4.02,19.1,77,239606
Maheesh Theekshana,not out,7,16,1,0,43.75,SL,4.02,19.1,77,239606
Matheesha Pathirana,c Aiden Markram b Kagiso Rabada,0,4,0,0,0,SL,4.02,19.1,77,239606
Nuwan Thushara,run out (Anrich Nortje / Marco Jansen),0,4,0,0,0,SL,4.02,19.1,77,239606
Quinton De Kock (wk),c & b Wanindu Hasaranga,20,27,0,1,74.07,SA,4.90,16.2,80,239606
Reeza Hendricks,c Kamindu Mendis b Nuwan Thushara,4,2,1,0,200,SA,4.90,16.2,80,239606
Aiden Markram (c),c Kamindu Mendis b Dasun Shanaka,12,14,0,1,85.71,SA,4.90,16.2,80,239606
Tristan Stubbs,c Charith Asalanka b Wanindu Hasaranga,13,28,0,0,46.42,SA,4.90,16.2,80,239606
Heinrich Klaasen,not out,19,22,1,1,86.36,SA,4.90,16.2,80,239606
David Miller,not out,6,6,1,0,100,SA,4.90,16.2,80,239606
Marco Jansen,,,,,,,SA,4.90,16.2,80,239606
Keshav Maharaj,,,,,,,SA,4.90,16.2,80,239606
Kagiso Rabada,,,,,,,SA,4.90,16.2,80,239606
Anrich Nortje,,,,,,,SA,4.90,16.2,80,239606
Ottneil Baartman,,,,,,,SA,4.90,16.2,80,239606
Rahmanullah Gurbaz (wk),c Riazat Ali Shah b Alpesh Ramjani,76,45,4,4,168.88,AFG,9.15,20.0,183,239607
Ibrahim Zadran,b Brian Masaba,70,46,9,1,152.17,AFG,9.15,20.0,183,239607
Najibullah Zadran,c Dinesh Nakrani b Brian Masaba,2,3,0,0,66.66,AFG,9.15,20.0,183,239607
Mohammad Nabi,not out,14,16,0,0,87.50,AFG,9.15,20.0,183,239607
Gulbadin Naib,c Brian Masaba b Cosmas Kyewuta,4,5,0,0,80,AFG,9.15,20.0,183,239607
Azmatullah Omarzai,c Alpesh Ramjani b Cosmas Kyewuta,5,5,0,0,100,AFG,9.15,20.0,183,239607
Rashid Khan (c),not out,2,1,0,0,200,AFG,9.15,20.0,183,239607
Karim Janat,,,,,,,AFG,9.15,20.0,183,239607
Mujeeb Ur Rahman,,,,,,,AFG,9.15,20.0,183,239607
Naveen-Ul-Haq,,,,,,,AFG,9.15,20.0,183,239607
Fazalhaq Farooqi,,,,,,,AFG,9.15,20.0,183,239607
Ronak Patel,b Fazalhaq Farooqi,4,2,1,0,200,UGA,3.63,16.0,58,239607
Simon Ssesazi (wk),c Fazalhaq Farooqi b Mujeeb Ur Rahman,4,4,1,0,100,UGA,3.63,16.0,58,239607
Roger Mukasa,lbw b Fazalhaq Farooqi,0,1,0,0,0,UGA,3.63,16.0,58,239607
Riazat Ali Shah,b Fazalhaq Farooqi,11,34,0,0,32.35,UGA,3.63,16.0,58,239607
Dinesh Nakrani,b Naveen-ul-Haq,6,8,1,0,75,UGA,3.63,16.0,58,239607
Alpesh Ramjani,c Gulbadin Naib b Naveen-ul-Haq,0,2,0,0,0,UGA,3.63,16.0,58,239607
Robinson Obuya,c Rahmanullah Gurbaz b Fazalhaq Farooqi,14,25,0,1,56,UGA,3.63,16.0,58,239607
Brian Masaba (c),c Rahmanullah Gurbaz b Fazalhaq Farooqi,0,1,0,0,0,UGA,3.63,16.0,58,239607
Bilal Hassan,lbw b Rashid Khan,8,16,1,0,50,UGA,3.63,16.0,58,239607
Cosmas Kyewuta,not out,2,2,0,0,100,UGA,3.63,16.0,58,239607
Henry Ssenyondo,b Rashid Khan,0,1,0,0,0,UGA,3.63,16.0,58,239607
Kushal Bhurtel,lbw b Logan van Beek,7,10,1,0,70,NEP,5.48,19.2,106,239609
Aasif Sheikh (wk),c Vivian Kingma b Tim Pringle,4,8,1,0,50,NEP,5.48,19.2,106,239609
Anil Sah,c Logan van Beek b Tim Pringle,11,12,2,0,91.66,NEP,5.48,19.2,106,239609
Rohit Paudel (c),c Max O'Dowd b Tim Pringle,35,37,5,0,94.59,NEP,5.48,19.2,106,239609
Kushal Malla,c Max O'Dowd b Paul van Meekeren,9,9,1,0,100,NEP,5.48,19.2,106,239609
Dipendra Singh Airee,c Logan van Beek b Bas de Leede,1,6,0,0,16.66,NEP,5.48,19.2,106,239609
Sompal Kami,b Paul van Meekeren,0,5,0,0,0,NEP,5.48,19.2,106,239609
Gulshan Jha,b Logan van Beek,14,15,0,1,93.33,NEP,5.48,19.2,106,239609
Karan KC,c Vivian Kingma b Bas de Leede,17,12,0,2,141.66,NEP,5.48,19.2,106,239609
Sagar Dhakal,not out,0,1,0,0,0,NEP,5.48,19.2,106,239609
Abinash Bohara,c & b Logan van Beek,0,1,0,0,0,NEP,5.48,19.2,106,239609
Michael Levitt,c Dipendra Singh Airee b Sompal Kami,1,3,0,0,33.33,NED,5.84,18.4,109,239609
Max O'Dowd,not out,54,48,4,1,112.50,NED,5.84,18.4,109,239609
Vikramjit Singh,lbw b Dipendra Singh Airee,22,28,4,0,78.57,NED,5.84,18.4,109,239609
Sybrand Engelbrecht,run out (Sompal Kami),14,16,1,0,87.50,NED,5.84,18.4,109,239609
Scott Edwards (c) (wk),b Abinash Bohara,5,8,0,0,62.50,NED,5.84,18.4,109,239609
Bas De Leede,not out,11,10,1,0,110,NED,5.84,18.4,109,239609
Teja Nidamanuru,,,,,,,NED,5.84,18.4,109,239609
Logan Van Beek,,,,,,,NED,5.84,18.4,109,239609
Tim Pringle,,,,,,,NED,5.84,18.4,109,239609
Paul Van Meekeren,,,,,,,NED,5.84,18.4,109,239609
Vivian Kingma,,,,,,,NED,5.84,18.4,109,239609
Andy Balbirnie,b Arshdeep Singh,5,10,1,0,50,IRE,6.00,16.0,96,239610
Paul Stirling (c),c Rishabh Pant b Arshdeep Singh,2,6,0,0,33.33,IRE,6.00,16.0,96,239610
Lorcan Tucker (wk),b Hardik Pandya,10,13,2,0,76.92,IRE,6.00,16.0,96,239610
Harry Tector,c Virat Kohli b Jasprit Bumrah,4,16,0,0,25,IRE,6.00,16.0,96,239610
Curtis Campher,c Rishabh Pant b Hardik Pandya,12,8,1,1,150,IRE,6.00,16.0,96,239610
George Dockrell,c Jasprit Bumrah b Mohammed Siraj,3,5,0,0,60,IRE,6.00,16.0,96,239610
Gareth Delany,run out (Mohammed Siraj / Rishabh Pant),26,14,2,2,185.71,IRE,6.00,16.0,96,239610
Mark Adair,c Shivam Dube b Hardik Pandya,3,2,0,0,150,IRE,6.00,16.0,96,239610
Barry McCarthy,c & b Axar Patel,0,6,0,0,0,IRE,6.00,16.0,96,239610
Joshua Little,b Jasprit Bumrah,14,13,2,0,107.69,IRE,6.00,16.0,96,239610
Ben White,not out,2,4,0,0,50,IRE,6.00,16.0,96,239610
Rohit Sharma (c),retired hurt,52,37,4,3,140.54,IND,7.86,12.2,97,239610
Virat Kohli,c Ben White b Mark Adair,1,5,0,0,20,IND,7.86,12.2,97,239610
Rishabh Pant (wk),not out,36,26,3,2,138.46,IND,7.86,12.2,97,239610
Suryakumar Yadav,c George Dockrell b Ben White,2,4,0,0,50,IND,7.86,12.2,97,239610
Shivam Dube,not out,0,2,0,0,0,IND,7.86,12.2,97,239610
Hardik Pandya,,,,,,,IND,7.86,12.2,97,239610
Ravindra Jadeja,,,,,,,IND,7.86,12.2,97,239610
Axar Patel,,,,,,,IND,7.86,12.2,97,239610
Jasprit Bumrah,,,,,,,IND,7.86,12.2,97,239610
Arshdeep Singh,,,,,,,IND,7.86,12.2,97,239610
Mohammed Siraj,,,,,,,IND,7.86,12.2,97,239610
Assad Vala (c),lbw b Alpesh Ramjani,0,2,0,0,0,PNG,4.02,19.1,77,239611
Tony Ura,c Roger Mukasa b Cosmas Kyewuta,2,6,0,0,33.33,PNG,4.02,19.1,77,239611
Sese Bau,c Roger Mukasa b Juma Miyagi,5,9,1,0,55.55,PNG,4.02,19.1,77,239611
Lega Siaka,run out (Cosmas Kyewuta / Simon Ssesazi),12,17,1,0,70.58,PNG,4.02,19.1,77,239611
Hiri Hiri,lbw b Frank Nsubuga,15,19,2,0,78.94,PNG,4.02,19.1,77,239611
Charles Amini,b Frank Nsubuga,5,14,0,0,35.71,PNG,4.02,19.1,77,239611
Kiplin Doriga (wk),lbw b Alpesh Ramjani,12,20,0,1,60,PNG,4.02,19.1,77,239611
Chad Soper,b Brian Masaba,4,11,0,0,36.36,PNG,4.02,19.1,77,239611
Norman Vanua,c Simon Ssesazi b Cosmas Kyewuta,5,10,0,0,50,PNG,4.02,19.1,77,239611
Alei Nao,b Juma Miyagi,5,6,0,0,83.33,PNG,4.02,19.1,77,239611
John Kariko,not out,0,2,0,0,0,PNG,4.02,19.1,77,239611
Roger Mukasa,lbw b Alei Nao,0,3,0,0,0,UGA,4.25,18.2,78,239611
Simon Ssesazi (wk),lbw b Alei Nao,1,3,0,0,33.33,UGA,4.25,18.2,78,239611
Robinson Obuya,c Assad Vala b Norman Vanua,1,2,0,0,50,UGA,4.25,18.2,78,239611
Riazat Ali Shah,c John Kariko b Norman Vanua,33,56,1,0,58.92,UGA,4.25,18.2,78,239611
Alpesh Ramjani,b Chad Soper,8,10,1,0,80,UGA,4.25,18.2,78,239611
Dinesh Nakrani,c & b Assad Vala,0,3,0,0,0,UGA,4.25,18.2,78,239611
Juma Miyagi,run out (Norman Vanua / Alei Nao),13,16,0,0,81.25,UGA,4.25,18.2,78,239611
Kenneth Waiswa,not out,7,16,0,0,43.75,UGA,4.25,18.2,78,239611
Brian Masaba (c),not out,0,1,0,0,0,UGA,4.25,18.2,78,239611
Cosmas Kyewuta,,,,,,,UGA,4.25,18.2,78,239611
Frank Nsubuga,,,,,,,UGA,4.25,18.2,78,239611
David Warner,c Shoaib Khan b Kaleemullah,56,51,6,1,109.80,AUS,8.20,20.0,164,239612
Travis Head,c Khalid Kail b Bilal Khan,12,10,2,0,120,AUS,8.20,20.0,164,239612
Mitchell Marsh (c),c Shoaib Khan b Mehran Khan,14,21,2,0,66.66,AUS,8.20,20.0,164,239612
Glenn Maxwell,c Aqib Ilyas b Mehran Khan,0,1,0,0,0,AUS,8.20,20.0,164,239612
Marcus Stoinis,not out,67,36,2,6,186.11,AUS,8.20,20.0,164,239612
Tim David,run out (Ayaan Khan / Pratik Athavale),9,4,2,0,225,AUS,8.20,20.0,164,239612
Matthew Wade (wk),,,,,,,AUS,8.20,20.0,164,239612
Mitchell Starc,,,,,,,AUS,8.20,20.0,164,239612
Nathan Ellis,,,,,,,AUS,8.20,20.0,164,239612
Adam Zampa,,,,,,,AUS,8.20,20.0,164,239612
Josh Hazlewood,,,,,,,AUS,8.20,20.0,164,239612
Kashyap Prajapati,lbw b Nathan Ellis,7,16,1,0,43.75,OMA,6.25,20.0,125,239612
Pratik Athavale (wk),lbw b Mitchell Starc,0,1,0,0,0,OMA,6.25,20.0,125,239612
Aqib Ilyas (c),c Matthew Wade b Marcus Stoinis,18,18,2,1,100,OMA,6.25,20.0,125,239612
Zeeshan Maqsood,c Matthew Wade b Marcus Stoinis,1,7,0,0,14.28,OMA,6.25,20.0,125,239612
Khalid Kail,c Glenn Maxwell b Mitchell Starc,8,12,1,0,66.66,OMA,6.25,20.0,125,239612
Ayaan Khan,c Josh Hazlewood b Adam Zampa,36,30,2,2,120,OMA,6.25,20.0,125,239612
Shoaib Khan,b Adam Zampa,0,4,0,0,0,OMA,6.25,20.0,125,239612
Mehran Khan,c Tim David b Marcus Stoinis,27,16,1,2,168.75,OMA,6.25,20.0,125,239612
Shakeel Ahmed,c David Warner b Nathan Ellis,11,10,1,0,110,OMA,6.25,20.0,125,239612
Kaleemullah,not out,6,4,0,0,150,OMA,6.25,20.0,125,239612
Bilal Khan,not out,1,2,0,0,50,OMA,6.25,20.0,125,239612
Mohammad Rizwan (wk),c Steven Taylor b Saurabh Netravalkar,9,8,0,1,112.50,PAK,7.95,20.0,159,239613
Babar Azam (c),lbw b Jessy Singh,44,43,3,2,102.32,PAK,7.95,20.0,159,239613
Usman Khan,c Nitish Kumar b Nosthush Kenjige,3,3,0,0,100,PAK,7.95,20.0,159,239613
Fakhar Zaman,c Steven Taylor b Ali Khan,11,7,0,1,157.14,PAK,7.95,20.0,159,239613
Shadab Khan,c Saurabh Netravalkar b Nosthush Kenjige,40,25,1,3,160,PAK,7.95,20.0,159,239613
Azam Khan,lbw b Nosthush Kenjige,0,1,0,0,0,PAK,7.95,20.0,159,239613
Iftikhar Ahmed,lbw b Saurabh Netravalkar,18,14,3,0,128.57,PAK,7.95,20.0,159,239613
Shaheen Afridi,not out,23,16,1,2,143.75,PAK,7.95,20.0,159,239613
Haris Rauf,not out,3,3,0,0,100,PAK,7.95,20.0,159,239613
Naseem Shah,,,,,,,PAK,7.95,20.0,159,239613
Mohammad Amir,,,,,,,PAK,7.95,20.0,159,239613
Steven Taylor,c Mohammad Rizwan b Naseem Shah,12,16,1,0,75,USA,7.95,20.0,159,239613
Monank Patel (c) (wk),c Mohammad Rizwan b Mohammad Amir,50,38,7,1,131.57,USA,7.95,20.0,159,239613
Andries Gous,b Haris Rauf,35,26,5,1,134.61,USA,7.95,20.0,159,239613
Aaron Jones,not out,36,26,2,2,138.46,USA,7.95,20.0,159,239613
Nitish Kumar,not out,14,14,1,0,100,USA,7.95,20.0,159,239613
Corey Anderson,,,,,,,USA,7.95,20.0,159,239613
Harmeet Singh,,,,,,,USA,7.95,20.0,159,239613
Jessy Singh,,,,,,,USA,7.95,20.0,159,239613
Nosthush Kenjige,,,,,,,USA,7.95,20.0,159,239613
Saurabh Netravalkar,,,,,,,USA,7.95,20.0,159,239613
Ali Khan,,,,,,,USA,7.95,20.0,159,239613
Aaron Jones,run out (sub Saim Ayub / Mohammad Rizwan),11,6,1,0,183.33,USA,18.00,1.0,18,239613
Harmeet Singh,not out,0,0,0,0,,USA,18.00,1.0,18,239613
Steven Taylor,,,,,,,USA,18.00,1.0,18,239613
Iftikhar Ahmed,c sub Milind Kumar b Saurabh Netravalkar,4,3,1,0,133.33,PAK,13.00,1.0,13,239613
Fakhar Zaman,not out,0,0,0,0,,PAK,13.00,1.0,13,239613
Shadab Khan,not out,3,3,0,0,100,PAK,13.00,1.0,13,239613
JP Kotze,c Brandon McMullen b Brad Wheal,0,3,0,0,0,NAM,7.75,20.0,155,239614
Niko Davin,c Bradley Currie b Chris Sole,20,12,4,0,166.66,NAM,7.75,20.0,155,239614
Jan Frylinck,b Bradley Currie,12,14,2,0,85.71,NAM,7.75,20.0,155,239614
Merwe Erasmus (c),st Matthew Cross b Michael Leask,52,31,5,2,167.74,NAM,7.75,20.0,155,239614
Malan Kruger,c Michael Jones b Chris Greaves,2,8,0,0,25,NAM,7.75,20.0,155,239614
Zane Green (wk),c Michael Jones b Brad Wheal,28,27,1,1,103.70,NAM,7.75,20.0,155,239614
David Wiese,c Mark Watt b Brad Wheal,14,13,0,1,107.69,NAM,7.75,20.0,155,239614
Ruben Trumpelmann,c Brad Wheal b Bradley Currie,1,2,0,0,50,NAM,7.75,20.0,155,239614
JJ Smit,run out (Michael Jones / Brad Wheal),11,8,0,1,137.50,NAM,7.75,20.0,155,239614
Bernand Scholtz,not out,6,4,0,0,150,NAM,7.75,20.0,155,239614
Tangeni Lungamene,not out,0,0,0,0,,NAM,7.75,20.0,155,239614
George Munsey,c David Wiese b Tangeni Lungamene,7,15,0,0,46.66,SCO,8.49,18.3,157,239614
Michael Jones,c Zane Green b Merwe Erasmus,26,20,3,1,130,SCO,8.49,18.3,157,239614
Brandon McMullen,st Zane Green b Merwe Erasmus,19,17,2,0,111.76,SCO,8.49,18.3,157,239614
Richie Berrington (c),not out,47,35,2,2,134.28,SCO,8.49,18.3,157,239614
Matthew Cross (wk),lbw b Bernand Scholtz,3,5,0,0,60,SCO,8.49,18.3,157,239614
Michael Leask,c David Wiese b Ruben Trumpelmann,35,17,0,4,205.88,SCO,8.49,18.3,157,239614
Chris Greaves,not out,4,3,0,0,133.33,SCO,8.49,18.3,157,239614
Mark Watt,,,,,,,SCO,8.49,18.3,157,239614
Chris Sole,,,,,,,SCO,8.49,18.3,157,239614
Brad Wheal,,,,,,,SCO,8.49,18.3,157,239614
Bradley Currie,,,,,,,SCO,8.49,18.3,157,239614
Aaron Johnson,c Curtis Campher b Craig Young,14,13,3,0,107.69,CAN,6.85,20.0,137,239615
Navneet Dhaliwal,c George Dockrell b Mark Adair,6,10,1,0,60,CAN,6.85,20.0,137,239615
Pargat Singh,c Joshua Little b Craig Young,18,14,2,0,128.57,CAN,6.85,20.0,137,239615
Dilpreet Bajwa,c & b Gareth Delany,7,9,1,0,77.77,CAN,6.85,20.0,137,239615
Nicholas Kirton,c Andy Balbirnie b Barry McCarthy,49,35,3,2,140,CAN,6.85,20.0,137,239615
Shreyas Movva (wk),run out (Barry McCarthy / Lorcan Tucker),37,36,3,0,102.77,CAN,6.85,20.0,137,239615
Dilon Heyliger,c Joshua Little b Barry McCarthy,0,2,0,0,0,CAN,6.85,20.0,137,239615
Saad Bin Zafar (c),not out,1,1,0,0,100,CAN,6.85,20.0,137,239615
Kaleem Sana,,,,,,,CAN,6.85,20.0,137,239615
Junaid Siddiqui,,,,,,,CAN,6.85,20.0,137,239615
Jeremy Gordon,,,,,,,CAN,6.85,20.0,137,239615
Andy Balbirnie,c & b Junaid Siddiqui,17,19,1,0,89.47,IRE,6.25,20.0,125,239615
Paul Stirling (c),c Shreyas Movva b Jeremy Gordon,9,17,1,0,52.94,IRE,6.25,20.0,125,239615
Lorcan Tucker (wk),run out (Nicholas Kirton / Saad Bin Zafar),10,15,0,0,66.66,IRE,6.25,20.0,125,239615
Harry Tector,b Saad Bin Zafar,7,5,0,0,140,IRE,6.25,20.0,125,239615
Curtis Campher,c Aaron Johnson b Dilon Heyliger,4,7,0,0,57.14,IRE,6.25,20.0,125,239615
George Dockrell,not out,30,23,2,1,130.43,IRE,6.25,20.0,125,239615
Gareth Delany,c Shreyas Movva b Dilon Heyliger,3,7,0,0,42.85,IRE,6.25,20.0,125,239615
Mark Adair,c & b Jeremy Gordon,34,24,3,1,141.66,IRE,6.25,20.0,125,239615
Barry McCarthy,not out,2,3,0,0,66.66,IRE,6.25,20.0,125,239615
Joshua Little,,,,,,,IRE,6.25,20.0,125,239615
Craig Young,,,,,,,IRE,6.25,20.0,125,239615
Rahmanullah Gurbaz (wk),b Trent Boult,80,56,5,5,142.85,AFG,7.95,20.0,159,239616
Ibrahim Zadran,b Matt Henry,44,41,3,2,107.31,AFG,7.95,20.0,159,239616
Azmatullah Omarzai,c Lockie Ferguson b Matt Henry,22,13,1,2,169.23,AFG,7.95,20.0,159,239616
Mohammad Nabi,c Kane Williamson b Lockie Ferguson,0,1,0,0,0,AFG,7.95,20.0,159,239616
Rashid Khan (c),run out (Devon Conway / Trent Boult),6,5,1,0,120,AFG,7.95,20.0,159,239616
Karim Janat,not out,1,1,0,0,100,AFG,7.95,20.0,159,239616
Gulbadin Naib,c Glenn Phillips b Trent Boult,0,2,0,0,0,AFG,7.95,20.0,159,239616
Najibullah Zadran,not out,1,1,0,0,100,AFG,7.95,20.0,159,239616
Noor Ahmad,,,,,,,AFG,7.95,20.0,159,239616
Naveen-Ul-Haq,,,,,,,AFG,7.95,20.0,159,239616
Fazalhaq Farooqi,,,,,,,AFG,7.95,20.0,159,239616
Finn Allen,b Fazalhaq Farooqi,0,1,0,0,0,NZ,4.89,15.2,75,239616
Devon Conway (wk),c Ibrahim Zadran b Fazalhaq Farooqi,8,10,1,0,80,NZ,4.89,15.2,75,239616
Kane Williamson (c),c Gulbadin Naib b Rashid Khan,9,13,1,0,69.23,NZ,4.89,15.2,75,239616
Daryl Mitchell,c Rahmanullah Gurbaz b Fazalhaq Farooqi,5,5,1,0,100,NZ,4.89,15.2,75,239616
Glenn Phillips,c Rashid Khan b Mohammad Nabi,18,18,2,0,100,NZ,4.89,15.2,75,239616
Mark Chapman,b Rashid Khan,4,7,0,0,57.14,NZ,4.89,15.2,75,239616
Michael Bracewell,lbw b Rashid Khan,0,1,0,0,0,NZ,4.89,15.2,75,239616
Mitchell Santner,b Mohammad Nabi,4,8,0,0,50,NZ,4.89,15.2,75,239616
Matt Henry,c Karim Janat b Fazalhaq Farooqi,12,17,0,1,70.58,NZ,4.89,15.2,75,239616
Lockie Ferguson,c & b Rashid Khan,2,5,0,0,40,NZ,4.89,15.2,75,239616
Trent Boult,not out,3,7,0,0,42.85,NZ,4.89,15.2,75,239616
Pathum Nissanka,c Najmul Hossain Shanto b Mustafizur Rahman,47,28,7,1,167.85,SL,6.20,20.0,124,239617
Kusal Mendis (wk),b Taskin Ahmed,10,8,2,0,125,SL,6.20,20.0,124,239617
Kamindu Mendis,c Tanzim Hasan Sakib b Mustafizur Rahman,4,5,1,0,80,SL,6.20,20.0,124,239617
Dhananjaya De Silva,st Litton Das b Rishad Hossain,21,26,1,0,80.76,SL,6.20,20.0,124,239617
Charith Asalanka,c Shakib Al Hasan b Rishad Hossain,19,21,0,1,90.47,SL,6.20,20.0,124,239617
Wanindu Hasaranga (c),c Soumya Sarkar b Rishad Hossain,0,1,0,0,0,SL,6.20,20.0,124,239617
Angelo Mathews,c Mustafizur Rahman b Tanzim Hasan Sakib,16,19,1,0,84.21,SL,6.20,20.0,124,239617
Dasun Shanaka,c Litton Das b Taskin Ahmed,3,7,0,0,42.85,SL,6.20,20.0,124,239617
Maheesh Theekshana,c Tanzim Hasan Sakib b Mustafizur Rahman,0,3,0,0,0,SL,6.20,20.0,124,239617
Matheesha Pathirana,not out,0,1,0,0,0,SL,6.20,20.0,124,239617
Nuwan Thushara,not out,0,1,0,0,0,SL,6.20,20.0,124,239617
Tanzid Hasan,b Nuwan Thushara,3,6,0,0,50,BAN,6.58,19.0,125,239617
Soumya Sarkar,c Wanindu Hasaranga b Dhananjaya de Silva,0,2,0,0,0,BAN,6.58,19.0,125,239617
Litton Das (wk),lbw b Wanindu Hasaranga,36,38,2,1,94.73,BAN,6.58,19.0,125,239617
Najmul Hossain Shanto (c),c Charith Asalanka b Nuwan Thushara,7,13,0,0,53.84,BAN,6.58,19.0,125,239617
Towhid Hridoy,lbw b Wanindu Hasaranga,40,20,1,4,200,BAN,6.58,19.0,125,239617
Shakib Al Hasan,c Maheesh Theekshana b Matheesha Pathirana,8,14,0,0,57.14,BAN,6.58,19.0,125,239617
Mahmudullah,not out,16,13,0,1,123.07,BAN,6.58,19.0,125,239617
Rishad Hossain,b Nuwan Thushara,1,3,0,0,33.33,BAN,6.58,19.0,125,239617
Taskin Ahmed,lbw b Nuwan Thushara,0,1,0,0,0,BAN,6.58,19.0,125,239617
Tanzim Hasan Sakib,not out,1,4,0,0,25,BAN,6.58,19.0,125,239617
Mustafizur Rahman,,,,,,,BAN,6.58,19.0,125,239617
Michael Levitt,c Quinton de Kock b Marco Jansen,0,3,0,0,0,NED,5.15,20.0,103,239618
Max O'Dowd,c Marco Jansen b Ottneil Baartman,2,6,0,0,33.33,NED,5.15,20.0,103,239618
Vikramjit Singh,b Marco Jansen,12,17,1,0,70.58,NED,5.15,20.0,103,239618
Sybrand Engelbrecht,c Marco Jansen b Ottneil Baartman,40,45,2,1,88.88,NED,5.15,20.0,103,239618
Bas De Leede,c David Miller b Anrich Nortje,6,16,0,0,37.50,NED,5.15,20.0,103,239618
Scott Edwards (c) (wk),run out (Aiden Markram),10,9,0,1,111.11,NED,5.15,20.0,103,239618
Teja Nidamanuru,c Heinrich Klaasen b Anrich Nortje,0,1,0,0,0,NED,5.15,20.0,103,239618
Logan Van Beek,c Anrich Nortje b Ottneil Baartman,23,22,3,0,104.54,NED,5.15,20.0,103,239618
Tim Pringle,c Aiden Markram b Ottneil Baartman,0,2,0,0,0,NED,5.15,20.0,103,239618
Paul Van Meekeren,not out,1,1,0,0,100,NED,5.15,20.0,103,239618
Vivian Kingma,,,,,,,NED,5.15,20.0,103,239618
Reeza Hendricks,b Logan van Beek,3,10,0,0,30,SA,5.63,18.5,106,239618
Quinton De Kock (wk),run out (Paul van Meekeren / Max O'Dowd),0,0,0,0,,SA,5.63,18.5,106,239618
Aiden Markram (c),c Scott Edwards b Vivian Kingma,0,3,0,0,0,SA,5.63,18.5,106,239618
Tristan Stubbs,c Logan van Beek b Bas de Leede,33,37,1,1,89.18,SA,5.63,18.5,106,239618
Heinrich Klaasen,c Tim Pringle b Vivian Kingma,4,7,0,0,57.14,SA,5.63,18.5,106,239618
David Miller,not out,59,51,3,4,115.68,SA,5.63,18.5,106,239618
Marco Jansen,b Logan van Beek,3,5,0,0,60,SA,5.63,18.5,106,239618
Keshav Maharaj,not out,0,1,0,0,0,SA,5.63,18.5,106,239618
Kagiso Rabada,,,,,,,SA,5.63,18.5,106,239618
Anrich Nortje,,,,,,,SA,5.63,18.5,106,239618
Ottneil Baartman,,,,,,,SA,5.63,18.5,106,239618
Travis Head,b Jofra Archer,34,18,2,3,188.88,AUS,10.05,20.0,201,239619
David Warner,b Moeen Ali,39,16,2,4,243.75,AUS,10.05,20.0,201,239619
Mitchell Marsh (c),st Jos Buttler b Liam Livingstone,35,25,2,2,140,AUS,10.05,20.0,201,239619
Glenn Maxwell,c Phil Salt b Adil Rashid,28,25,3,1,112,AUS,10.05,20.0,201,239619
Marcus Stoinis,c Harry Brook b Chris Jordan,30,17,2,2,176.47,AUS,10.05,20.0,201,239619
Tim David,c Liam Livingstone b Chris Jordan,11,8,0,1,137.50,AUS,10.05,20.0,201,239619
Matthew Wade (wk),not out,17,10,3,0,170,AUS,10.05,20.0,201,239619
Pat Cummins,run out (Jos Buttler / Chris Jordan),0,1,0,0,0,AUS,10.05,20.0,201,239619
Mitchell Starc,not out,0,0,0,0,,AUS,10.05,20.0,201,239619
Adam Zampa,,,,,,,AUS,10.05,20.0,201,239619
Josh Hazlewood,,,,,,,AUS,10.05,20.0,201,239619
Phil Salt,b Adam Zampa,37,23,4,2,160.86,ENG,8.25,20.0,165,239619
Jos Buttler (c) (wk),c Pat Cummins b Adam Zampa,42,28,5,2,150,ENG,8.25,20.0,165,239619
Will Jacks,c Mitchell Starc b Marcus Stoinis,10,10,1,0,100,ENG,8.25,20.0,165,239619
Jonny Bairstow,c Glenn Maxwell b Josh Hazlewood,7,13,0,0,53.84,ENG,8.25,20.0,165,239619
Moeen Ali,c David Warner b Pat Cummins,25,15,0,3,166.66,ENG,8.25,20.0,165,239619
Harry Brook,not out,20,16,2,0,125,ENG,8.25,20.0,165,239619
Liam Livingstone,c Mitchell Starc b Pat Cummins,15,12,0,1,125,ENG,8.25,20.0,165,239619
Chris Jordan,not out,1,3,0,0,33.33,ENG,8.25,20.0,165,239619
Jofra Archer,,,,,,,ENG,8.25,20.0,165,239619
Adil Rashid,,,,,,,ENG,8.25,20.0,165,239619
Mark Wood,,,,,,,ENG,8.25,20.0,165,239619
Brandon King,b Alpesh Ramjani,13,8,2,0,162.50,WI,8.65,20.0,173,239620
Johnson Charles,c Alpesh Ramjani b Dinesh Nakrani,44,42,4,2,104.76,WI,8.65,20.0,173,239620
Nicholas Pooran (wk),c & b Brian Masaba,22,17,0,3,129.41,WI,8.65,20.0,173,239620
Rovman Powell (c),c Robinson Obuya b Brian Masaba,23,18,1,1,127.77,WI,8.65,20.0,173,239620
Sherfane Rutherford,b Cosmas Kyewuta,22,16,2,1,137.50,WI,8.65,20.0,173,239620
Andre Russell,not out,30,17,6,0,176.47,WI,8.65,20.0,173,239620
Romario Shepherd,not out,5,5,0,0,100,WI,8.65,20.0,173,239620
Roston Chase,,,,,,,WI,8.65,20.0,173,239620
Akeal Hosein,,,,,,,WI,8.65,20.0,173,239620
Gudakesh Motie,,,,,,,WI,8.65,20.0,173,239620
Alzarri Joseph,,,,,,,WI,8.65,20.0,173,239620
Roger Mukasa,lbw b Akeal Hosein,0,2,0,0,0,UGA,3.25,12.0,39,239620
Simon Ssesazi (wk),c Alzarri Joseph b Romario Shepherd,4,3,1,0,133.33,UGA,3.25,12.0,39,239620
Robinson Obuya,b Andre Russell,6,8,1,0,75,UGA,3.25,12.0,39,239620
Alpesh Ramjani,lbw b Akeal Hosein,5,6,1,0,83.33,UGA,3.25,12.0,39,239620
Kenneth Waiswa,lbw b Akeal Hosein,1,10,0,0,10,UGA,3.25,12.0,39,239620
Riazat Ali Shah,b Akeal Hosein,3,8,0,0,37.50,UGA,3.25,12.0,39,239620
Dinesh Nakrani,b Akeal Hosein,0,2,0,0,0,UGA,3.25,12.0,39,239620
Brian Masaba (c),c Nicholas Pooran b Alzarri Joseph,1,4,0,0,25,UGA,3.25,12.0,39,239620
Juma Miyagi,not out,13,20,0,0,65,UGA,3.25,12.0,39,239620
Cosmas Kyewuta,lbw b Gudakesh Motie,1,6,0,0,16.66,UGA,3.25,12.0,39,239620
Frank Nsubuga,b Alzarri Joseph,0,3,0,0,0,UGA,3.25,12.0,39,239620
Rohit Sharma (c),c Haris Rauf b Shaheen Afridi,13,12,1,1,108.33,IND,6.26,19.0,119,239621
Virat Kohli,c Usman Khan b Naseem Shah,4,3,1,0,133.33,IND,6.26,19.0,119,239621
Rishabh Pant (wk),c Babar Azam b Mohammad Amir,42,31,6,0,135.48,IND,6.26,19.0,119,239621
Axar Patel,b Naseem Shah,20,18,2,1,111.11,IND,6.26,19.0,119,239621
Suryakumar Yadav,c Mohammad Amir b Haris Rauf,7,8,1,0,87.50,IND,6.26,19.0,119,239621
Shivam Dube,c & b Naseem Shah,3,9,0,0,33.33,IND,6.26,19.0,119,239621
Hardik Pandya,c Iftikhar Ahmed b Haris Rauf,7,12,1,0,58.33,IND,6.26,19.0,119,239621
Ravindra Jadeja,c Imad Wasim b Mohammad Amir,0,1,0,0,0,IND,6.26,19.0,119,239621
Arshdeep Singh,run out (Babar Azam / Mohammad Rizwan),9,13,1,0,69.23,IND,6.26,19.0,119,239621
Jasprit Bumrah,c Imad Wasim b Haris Rauf,0,1,0,0,0,IND,6.26,19.0,119,239621
Mohammed Siraj,not out,7,7,0,0,100,IND,6.26,19.0,119,239621
Mohammad Rizwan (wk),b Jasprit Bumrah,31,44,1,1,70.45,PAK,5.65,20.0,113,239621
Babar Azam (c),c Suryakumar Yadav b Jasprit Bumrah,13,10,2,0,130,PAK,5.65,20.0,113,239621
Usman Khan,lbw b Axar Patel,13,15,1,0,86.66,PAK,5.65,20.0,113,239621
Fakhar Zaman,c Rishabh Pant b Hardik Pandya,13,8,1,1,162.50,PAK,5.65,20.0,113,239621
Imad Wasim,c Rishabh Pant b Arshdeep Singh,15,23,1,0,65.21,PAK,5.65,20.0,113,239621
Shadab Khan,c Rishabh Pant b Hardik Pandya,4,7,0,0,57.14,PAK,5.65,20.0,113,239621
Iftikhar Ahmed,c Arshdeep Singh b Jasprit Bumrah,5,9,0,0,55.55,PAK,5.65,20.0,113,239621
Shaheen Afridi,not out,0,1,0,0,0,PAK,5.65,20.0,113,239621
Naseem Shah,not out,10,4,2,0,250,PAK,5.65,20.0,113,239621
Haris Rauf,,,,,,,PAK,5.65,20.0,113,239621
Mohammad Amir,,,,,,,PAK,5.65,20.0,113,239621
Pratik Athavale (wk),c Brandon McMullen b Chris Greaves,54,40,5,2,135,OMA,7.50,20.0,150,239622
Naseem Khushi,c Mark Watt b Chris Sole,10,9,0,1,111.11,OMA,7.50,20.0,150,239622
Aqib Ilyas (c),lbw b Safyaan Sharif,16,6,2,1,266.66,OMA,7.50,20.0,150,239622
Zeeshan Maqsood,c Matthew Cross b Mark Watt,3,4,0,0,75,OMA,7.50,20.0,150,239622
Khalid Kail,run out (Chris Sole / Mark Watt),5,7,0,0,71.42,OMA,7.50,20.0,150,239622
Ayaan Khan,not out,41,39,4,0,105.12,OMA,7.50,20.0,150,239622
Mehran Khan,c Matthew Cross b Safyaan Sharif,13,10,2,0,130,OMA,7.50,20.0,150,239622
Rafiullah,c Safyaan Sharif b Brad Wheal,0,3,0,0,0,OMA,7.50,20.0,150,239622
Shakeel Ahmad,not out,3,2,0,0,150,OMA,7.50,20.0,150,239622
Kaleemullah,,,,,,,OMA,7.50,20.0,150,239622
Bilal Khan,,,,,,,OMA,7.50,20.0,150,239622
George Munsey,c Shakeel Ahmad b Mehran Khan,41,20,2,4,205,SCO,11.62,13.1,153,239622
Michael Jones,c Mehran Khan b Bilal Khan,16,13,1,2,123.07,SCO,11.62,13.1,153,239622
Brandon McMullen,not out,61,31,9,2,196.77,SCO,11.62,13.1,153,239622
Richie Berrington (c),b Aqib Ilyas,13,7,1,1,185.71,SCO,11.62,13.1,153,239622
Matthew Cross (wk),not out,15,8,0,2,187.50,SCO,11.62,13.1,153,239622
Michael Leask,,,,,,,SCO,11.62,13.1,153,239622
Chris Greaves,,,,,,,SCO,11.62,13.1,153,239622
Mark Watt,,,,,,,SCO,11.62,13.1,153,239622
Chris Sole,,,,,,,SCO,11.62,13.1,153,239622
Brad Wheal,,,,,,,SCO,11.62,13.1,153,239622
Safyaan Sharif,,,,,,,SCO,11.62,13.1,153,239622
Quinton De Kock (wk),b Tanzim Hasan Sakib,18,11,1,2,163.63,SA,5.65,20.0,113,239623
Reeza Hendricks,lbw b Tanzim Hasan Sakib,0,1,0,0,0,SA,5.65,20.0,113,239623
Aiden Markram (c),b Taskin Ahmed,4,8,1,0,50,SA,5.65,20.0,113,239623
Tristan Stubbs,c Shakib Al Hasan b Tanzim Hasan Sakib,0,5,0,0,0,SA,5.65,20.0,113,239623
Heinrich Klaasen,b Taskin Ahmed,46,44,2,3,104.54,SA,5.65,20.0,113,239623
David Miller,b Rishad Hossain,29,38,1,1,76.31,SA,5.65,20.0,113,239623
Marco Jansen,not out,5,5,0,0,100,SA,5.65,20.0,113,239623
Keshav Maharaj,not out,4,8,0,0,50,SA,5.65,20.0,113,239623
Kagiso Rabada,,,,,,,SA,5.65,20.0,113,239623
Anrich Nortje,,,,,,,SA,5.65,20.0,113,239623
Ottneil Baartman,,,,,,,SA,5.65,20.0,113,239623
Tanzid Hasan,c Quinton de Kock b Kagiso Rabada,9,9,2,0,100,BAN,5.45,20.0,109,239623
Najmul Hossain Shanto (c),c Aiden Markram b Anrich Nortje,14,23,0,1,60.86,BAN,5.45,20.0,109,239623
Litton Das (wk),c David Miller b Keshav Maharaj,9,13,1,0,69.23,BAN,5.45,20.0,109,239623
Shakib Al Hasan,c Aiden Markram b Anrich Nortje,3,4,0,0,75,BAN,5.45,20.0,109,239623
Towhid Hridoy,lbw b Kagiso Rabada,37,34,2,2,108.82,BAN,5.45,20.0,109,239623
Mahmudullah,c Aiden Markram b Keshav Maharaj,20,27,2,0,74.07,BAN,5.45,20.0,109,239623
Jaker Ali,c Aiden Markram b Keshav Maharaj,8,9,0,0,88.88,BAN,5.45,20.0,109,239623
Rishad Hossain,not out,0,1,0,0,0,BAN,5.45,20.0,109,239623
Taskin Ahmed,not out,1,1,0,0,100,BAN,5.45,20.0,109,239623
Tanzim Hasan Sakib,,,,,,,BAN,5.45,20.0,109,239623
Mustafizur Rahman,,,,,,,BAN,5.45,20.0,109,239623
Aaron Johnson,b Naseem Shah,52,44,4,4,118.18,CAN,5.30,20.0,106,239624
Navneet Dhaliwal,b Mohammad Amir,4,7,1,0,57.14,CAN,5.30,20.0,106,239624
Pargat Singh,c Fakhar Zaman b Shaheen Afridi,2,6,0,0,33.33,CAN,5.30,20.0,106,239624
Nicholas Kirton,run out (Imad Wasim),1,6,0,0,16.66,CAN,5.30,20.0,106,239624
Shreyas Movva (wk),c Mohammad Rizwan b Haris Rauf,2,9,0,0,22.22,CAN,5.30,20.0,106,239624
Ravinderpal Singh,c Fakhar Zaman b Haris Rauf,0,2,0,0,0,CAN,5.30,20.0,106,239624
Saad Bin Zafar (c),c Mohammad Rizwan b Mohammad Amir,10,21,1,0,47.61,CAN,5.30,20.0,106,239624
Kaleem Sana,not out,13,14,0,1,92.85,CAN,5.30,20.0,106,239624
Dilon Heyliger,not out,9,11,1,0,81.81,CAN,5.30,20.0,106,239624
Junaid Siddiqui,,,,,,,CAN,5.30,20.0,106,239624
Jeremy Gordon,,,,,,,CAN,5.30,20.0,106,239624
Mohammad Rizwan (wk),not out,53,53,2,1,100,PAK,6.11,17.3,107,239624
Saim Ayub,c Shreyas Movva b Dilon Heyliger,6,12,0,0,50,PAK,6.11,17.3,107,239624
Babar Azam (c),c Shreyas Movva b Dilon Heyliger,33,33,1,1,100,PAK,6.11,17.3,107,239624
Fakhar Zaman,c sub Dilpreet Bajwa b Jeremy Gordon,4,6,0,0,66.66,PAK,6.11,17.3,107,239624
Usman Khan,not out,2,1,0,0,200,PAK,6.11,17.3,107,239624
Shadab Khan,,,,,,,PAK,6.11,17.3,107,239624
Imad Wasim,,,,,,,PAK,6.11,17.3,107,239624
Shaheen Afridi,,,,,,,PAK,6.11,17.3,107,239624
Naseem Shah,,,,,,,PAK,6.11,17.3,107,239624
Haris Rauf,,,,,,,PAK,6.11,17.3,107,239624
Mohammad Amir,,,,,,,PAK,6.11,17.3,107,239624
Michael Van Lingen,c Glenn Maxwell b Josh Hazlewood,10,10,2,0,100,NAM,4.24,17.0,72,239626
Niko Davin,c Glenn Maxwell b Josh Hazlewood,2,7,0,0,28.57,NAM,4.24,17.0,72,239626
Jan Frylinck,c Mitchell Marsh b Pat Cummins,1,6,0,0,16.66,NAM,4.24,17.0,72,239626
Merwe Erasmus (c),c Glenn Maxwell b Marcus Stoinis,36,43,4,1,83.72,NAM,4.24,17.0,72,239626
JJ Smit,lbw b Nathan Ellis,3,9,0,0,33.33,NAM,4.24,17.0,72,239626
Zane Green (wk),lbw b Adam Zampa,1,4,0,0,25,NAM,4.24,17.0,72,239626
David Wiese,c Josh Hazlewood b Adam Zampa,1,7,0,0,14.28,NAM,4.24,17.0,72,239626
Ruben Trumpelmann,c Glenn Maxwell b Adam Zampa,7,7,0,1,100,NAM,4.24,17.0,72,239626
Bernard Scholtz,b Adam Zampa,0,2,0,0,0,NAM,4.24,17.0,72,239626
Jack Brassell,not out,2,3,0,0,66.66,NAM,4.24,17.0,72,239626
Ben Shikongo,c Tim David b Marcus Stoinis,0,4,0,0,0,NAM,4.24,17.0,72,239626
David Warner,c Ruben Trumpelmann b David Wiese,20,8,3,1,250,AUS,13.06,5.4,74,239626
Travis Head,not out,34,17,5,2,200,AUS,13.06,5.4,74,239626
Mitchell Marsh (c),not out,18,9,3,1,200,AUS,13.06,5.4,74,239626
Glenn Maxwell,,,,,,,AUS,13.06,5.4,74,239626
Marcus Stoinis,,,,,,,AUS,13.06,5.4,74,239626
Tim David,,,,,,,AUS,13.06,5.4,74,239626
Matthew Wade (wk),,,,,,,AUS,13.06,5.4,74,239626
Pat Cummins,,,,,,,AUS,13.06,5.4,74,239626
Nathan Ellis,,,,,,,AUS,13.06,5.4,74,239626
Adam Zampa,,,,,,,AUS,13.06,5.4,74,239626
Josh Hazlewood,,,,,,,AUS,13.06,5.4,74,239626
Shayan Jahangir,lbw b Arshdeep Singh,0,1,0,0,0,USA,5.50,20.0,110,239627
Steven Taylor,b Axar Patel,24,30,0,2,80,USA,5.50,20.0,110,239627
Andries Gous (wk),c Hardik Pandya b Arshdeep Singh,2,5,0,0,40,USA,5.50,20.0,110,239627
Aaron Jones (c),c Mohammed Siraj b Hardik Pandya,11,22,0,1,50,USA,5.50,20.0,110,239627
Nitish Kumar,c Mohammed Siraj b Arshdeep Singh,27,23,2,1,117.39,USA,5.50,20.0,110,239627
Corey Anderson,c Rishabh Pant b Hardik Pandya,15,12,1,1,125,USA,5.50,20.0,110,239627
Harmeet Singh,c Rishabh Pant b Arshdeep Singh,10,10,0,1,100,USA,5.50,20.0,110,239627
Shadley Van Schalkwyk,not out,11,10,1,0,110,USA,5.50,20.0,110,239627
Jessy Singh,run out (Rishabh Pant / Mohammed Siraj),2,7,0,0,28.57,USA,5.50,20.0,110,239627
Saurabh Netravalkar,,,,,,,USA,5.50,20.0,110,239627
Ali Khan,,,,,,,USA,5.50,20.0,110,239627
Rohit Sharma (c),c Harmeet Singh b Saurabh Netravalkar,3,6,0,0,50,IND,6.05,18.2,111,239627
Virat Kohli,c Andries Gous b Saurabh Netravalkar,0,1,0,0,0,IND,6.05,18.2,111,239627
Rishabh Pant (wk),b Ali Khan,18,20,1,1,90,IND,6.05,18.2,111,239627
Suryakumar Yadav,not out,50,49,2,2,102.04,IND,6.05,18.2,111,239627
Shivam Dube,not out,31,35,1,1,88.57,IND,6.05,18.2,111,239627
Hardik Pandya,,,,,,,IND,6.05,18.2,111,239627
Ravindra Jadeja,,,,,,,IND,6.05,18.2,111,239627
Axar Patel,,,,,,,IND,6.05,18.2,111,239627
Arshdeep Singh,,,,,,,IND,6.05,18.2,111,239627
Jasprit Bumrah,,,,,,,IND,6.05,18.2,111,239627
Mohammed Siraj,,,,,,,IND,6.05,18.2,111,239627
Brandon King,c Devon Conway b James Neesham,9,12,0,1,75,WI,7.45,20.0,149,239628
Johnson Charles,b Trent Boult,0,5,0,0,0,WI,7.45,20.0,149,239628
Nicholas Pooran (wk),c Devon Conway b Tim Southee,17,12,3,0,141.66,WI,7.45,20.0,149,239628
Roston Chase,c Rachin Ravindra b Lockie Ferguson,0,3,0,0,0,WI,7.45,20.0,149,239628
Rovman Powell (c),c Devon Conway b Tim Southee,1,5,0,0,20,WI,7.45,20.0,149,239628
Sherfane Rutherford,not out,68,39,2,6,174.35,WI,7.45,20.0,149,239628
Akeal Hosein,c James Neesham b Mitchell Santner,15,17,0,1,88.23,WI,7.45,20.0,149,239628
Andre Russell,c Lockie Ferguson b Trent Boult,14,7,2,1,200,WI,7.45,20.0,149,239628
Romario Shepherd,lbw b Lockie Ferguson,13,13,0,1,100,WI,7.45,20.0,149,239628
Alzarri Joseph,b Trent Boult,6,6,1,0,100,WI,7.45,20.0,149,239628
Gudakesh Motie,not out,0,1,0,0,0,WI,7.45,20.0,149,239628
Devon Conway (wk),c Roston Chase b Akeal Hosein,5,8,0,0,62.50,NZ,6.80,20.0,136,239628
Finn Allen,c Andre Russell b Alzarri Joseph,26,23,3,1,113.04,NZ,6.80,20.0,136,239628
Rachin Ravindra,c Andre Russell b Gudakesh Motie,10,13,0,0,76.92,NZ,6.80,20.0,136,239628
Kane Williamson (c),c Nicholas Pooran b Gudakesh Motie,1,2,0,0,50,NZ,6.80,20.0,136,239628
Daryl Mitchell,b Gudakesh Motie,12,13,1,0,92.30,NZ,6.80,20.0,136,239628
Glenn Phillips,c Rovman Powell b Alzarri Joseph,40,33,3,2,121.21,NZ,6.80,20.0,136,239628
James Neesham,c Brandon King b Alzarri Joseph,10,11,0,1,90.90,NZ,6.80,20.0,136,239628
Mitchell Santner,not out,21,12,0,3,175,NZ,6.80,20.0,136,239628
Tim Southee,c & b Alzarri Joseph,0,1,0,0,0,NZ,6.80,20.0,136,239628
Trent Boult,c Roston Chase b Andre Russell,7,4,0,1,175,NZ,6.80,20.0,136,239628
Lockie Ferguson,not out,0,0,0,0,,NZ,6.80,20.0,136,239628
Tanzid Hasan,c Bas de Leede b Paul van Meekeren,35,26,5,1,134.61,BAN,7.95,20.0,159,239630
Najmul Hossain Shanto (c),c Vikramjit Singh b Aryan Dutt,1,3,0,0,33.33,BAN,7.95,20.0,159,239630
Litton Das (wk),c Sybrand Engelbrecht b Aryan Dutt,1,2,0,0,50,BAN,7.95,20.0,159,239630
Shakib Al Hasan,not out,64,46,9,0,139.13,BAN,7.95,20.0,159,239630
Towhid Hridoy,b Tim Pringle,9,15,0,0,60,BAN,7.95,20.0,159,239630
Mahmudullah,c Sybrand Engelbrecht b Paul van Meekeren,25,21,2,2,119.04,BAN,7.95,20.0,159,239630
Jaker Ali,not out,14,7,3,0,200,BAN,7.95,20.0,159,239630
Rishad Hossain,,,,,,,BAN,7.95,20.0,159,239630
Taskin Ahmed,,,,,,,BAN,7.95,20.0,159,239630
Tanzim Hasan Sakib,,,,,,,BAN,7.95,20.0,159,239630
Mustafizur Rahman,,,,,,,BAN,7.95,20.0,159,239630
Michael Levitt,c Towhid Hridoy b Taskin Ahmed,18,16,2,1,112.50,NED,6.70,20.0,134,239630
Max O'Dowd,c & b Tanzim Hasan Sakib,12,16,3,0,75,NED,6.70,20.0,134,239630
Vikramjit Singh,st Litton Das b Mahmudullah,26,16,0,3,162.50,NED,6.70,20.0,134,239630
Sybrand Engelbrecht,c Tanzim Hasan Sakib b Rishad Hossain,33,22,3,1,150,NED,6.70,20.0,134,239630
Scott Edwards (c) (wk),c Jaker Ali b Mustafizur Rahman,25,23,3,0,108.69,NED,6.70,20.0,134,239630
Bas De Leede,st Litton Das b Rishad Hossain,0,2,0,0,0,NED,6.70,20.0,134,239630
Logan Van Beek,c & b Rishad Hossain,2,3,0,0,66.66,NED,6.70,20.0,134,239630
Tim Pringle,b Taskin Ahmed,1,10,0,0,10,NED,6.70,20.0,134,239630
Aryan Dutt,not out,15,12,1,1,125,NED,6.70,20.0,134,239630
Paul Van Meekeren,,,,,,,NED,6.70,20.0,134,239630
Vivian Kingma,,,,,,,NED,6.70,20.0,134,239630
Pratik Athavale (wk),c Phil Salt b Jofra Archer,5,3,1,0,166.66,OMA,3.53,13.2,47,239629
Kashyap Prajapati,c Liam Livingstone b Mark Wood,9,16,0,1,56.25,OMA,3.53,13.2,47,239629
Aqib Ilyas (c),c Will Jacks b Jofra Archer,8,10,1,0,80,OMA,3.53,13.2,47,239629
Zeeshan Maqsood,c & b Mark Wood,1,5,0,0,20,OMA,3.53,13.2,47,239629
Khalid Kail,st Jos Buttler b Adil Rashid,1,3,0,0,33.33,OMA,3.53,13.2,47,239629
Ayaan Khan,b Mark Wood,1,5,0,0,20,OMA,3.53,13.2,47,239629
Shoaib Khan,c Jos Buttler b Jofra Archer,11,23,1,0,47.82,OMA,3.53,13.2,47,239629
Mehran Khan,c Moeen Ali b Adil Rashid,0,2,0,0,0,OMA,3.53,13.2,47,239629
Fayyaz Butt,b Adil Rashid,2,7,0,0,28.57,OMA,3.53,13.2,47,239629
Kaleemullah,b Adil Rashid,5,5,1,0,100,OMA,3.53,13.2,47,239629
Bilal Khan,not out,0,1,0,0,0,OMA,3.53,13.2,47,239629
Phil Salt,b Bilal Khan,12,3,0,2,400,ENG,15.79,3.1,50,239629
Jos Buttler (c) (wk),not out,24,8,4,1,300,ENG,15.79,3.1,50,239629
Will Jacks,c Kashyap Prajapati b Kaleemullah,5,7,1,0,71.42,ENG,15.79,3.1,50,239629
Jonny Bairstow,not out,8,2,2,0,400,ENG,15.79,3.1,50,239629
Harry Brook,,,,,,,ENG,15.79,3.1,50,239629
Moeen Ali,,,,,,,ENG,15.79,3.1,50,239629
Liam Livingstone,,,,,,,ENG,15.79,3.1,50,239629
Jofra Archer,,,,,,,ENG,15.79,3.1,50,239629
Adil Rashid,,,,,,,ENG,15.79,3.1,50,239629
Mark Wood,,,,,,,ENG,15.79,3.1,50,239629
Reece Topley,,,,,,,ENG,15.79,3.1,50,239629
Tony Ura,b Naveen-ul-Haq,11,18,1,0,61.11,PNG,4.79,19.5,95,239631
Assad Vala (c),run out (Fazalhaq Farooqi / Rahmanullah Gurbaz),3,2,0,0,150,PNG,4.79,19.5,95,239631
Lega Siaka,c Rahmanullah Gurbaz b Fazalhaq Farooqi,0,1,0,0,0,PNG,4.79,19.5,95,239631
Sese Bau,c Rahmanullah Gurbaz b Fazalhaq Farooqi,0,1,0,0,0,PNG,4.79,19.5,95,239631
Hiri Hiri,b Naveen-ul-Haq,1,3,0,0,33.33,PNG,4.79,19.5,95,239631
Chad Soper,run out (Noor Ahmad / Rashid Khan),9,26,0,0,34.61,PNG,4.79,19.5,95,239631
Kipling Doriga (wk),lbw b Noor Ahmad,26,32,2,0,81.25,PNG,4.79,19.5,95,239631
Norman Vanua,run out (Rashid Khan),0,7,0,0,0,PNG,4.79,19.5,95,239631
Alei Nao,c Rashid Khan b Fazalhaq Farooqi,13,19,2,0,68.42,PNG,4.79,19.5,95,239631
John Kariko,not out,4,7,1,0,57.14,PNG,4.79,19.5,95,239631
Semo Kamea,run out (Rahmanullah Gurbaz),2,3,0,0,66.66,PNG,4.79,19.5,95,239631
Rahmanullah Gurbaz (wk),b Alei Nao,11,7,1,1,157.14,AFG,6.66,15.1,101,239631
Ibrahim Zadran,b Semo Kamea,0,7,0,0,0,AFG,6.66,15.1,101,239631
Gulbadin Naib,not out,49,36,4,2,136.11,AFG,6.66,15.1,101,239631
Azmatullah Omarzai,b Norman Vanua,13,18,1,0,72.22,AFG,6.66,15.1,101,239631
Mohammad Nabi,not out,16,23,1,0,69.56,AFG,6.66,15.1,101,239631
Najibullah Zadran,,,,,,,AFG,6.66,15.1,101,239631
Karim Janat,,,,,,,AFG,6.66,15.1,101,239631
Rashid Khan (c),,,,,,,AFG,6.66,15.1,101,239631
Noor Ahmad,,,,,,,AFG,6.66,15.1,101,239631
Naveen-Ul-Haq,,,,,,,AFG,6.66,15.1,101,239631
Fazalhaq Farooqi,,,,,,,AFG,6.66,15.1,101,239631
Reeza Hendricks,c & b Dipendra Singh Airee,43,49,5,1,87.75,SA,5.75,20.0,115,239633
Quinton De Kock (wk),c & b Dipendra Singh Airee,10,11,1,0,90.90,SA,5.75,20.0,115,239633
Aiden Markram (c),b Kushal Bhurtel,15,22,2,0,68.18,SA,5.75,20.0,115,239633
Heinrich Klaasen,c Karan KC b Kushal Bhurtel,3,5,0,0,60,SA,5.75,20.0,115,239633
David Miller,c Sandeep Lamichhane b Dipendra Singh Airee,7,10,0,0,70,SA,5.75,20.0,115,239633
Tristan Stubbs,not out,27,18,2,1,150,SA,5.75,20.0,115,239633
Marco Jansen,c Anil Sah b Kushal Bhurtel,1,4,0,0,25,SA,5.75,20.0,115,239633
Kagiso Rabada,st Aasif Sheikh b Kushal Bhurtel,0,1,0,0,0,SA,5.75,20.0,115,239633
Anrich Nortje,,,,,,,SA,5.75,20.0,115,239633
Ottneil Baartman,,,,,,,SA,5.75,20.0,115,239633
Tabraiz Shamsi,,,,,,,SA,5.75,20.0,115,239633
Kushal Bhurtel,b Tabraiz Shamsi,13,21,1,1,61.90,NEP,5.70,20.0,114,239633
Aasif Sheikh (wk),b Tabraiz Shamsi,42,49,4,1,85.71,NEP,5.70,20.0,114,239633
Rohit Paudel (c),b Tabraiz Shamsi,0,2,0,0,0,NEP,5.70,20.0,114,239633
Anil Sah,c Marco Jansen b Aiden Markram,27,24,3,1,112.50,NEP,5.70,20.0,114,239633
Dipendra Singh Airee,c Quinton de Kock b Tabraiz Shamsi,6,11,0,0,54.54,NEP,5.70,20.0,114,239633
Kushal Malla,b Anrich Nortje,1,3,0,0,33.33,NEP,5.70,20.0,114,239633
Gulshan Jha,run out (Quinton de Kock / Heinrich Klaasen),6,6,1,0,100,NEP,5.70,20.0,114,239633
Sompal Kami,not out,8,4,0,1,200,NEP,5.70,20.0,114,239633
Karan KC,,,,,,,NEP,5.70,20.0,114,239633
Sandeep Lamichhane,,,,,,,NEP,5.70,20.0,114,239633
Abinash Bohara,,,,,,,NEP,5.70,20.0,114,239633
Ronak Patel,c Devon Conway b Mitchell Santner,2,20,0,0,10,UGA,2.14,18.4,40,239634
Simon Ssesazi,lbw b Trent Boult,0,1,0,0,0,UGA,2.14,18.4,40,239634
Robinson Obuya,b Trent Boult,0,1,0,0,0,UGA,2.14,18.4,40,239634
Alpesh Ramjani,lbw b Tim Southee,0,6,0,0,0,UGA,2.14,18.4,40,239634
Kenneth Waiswa,b Lockie Ferguson,11,18,2,0,61.11,UGA,2.14,18.4,40,239634
Riazat Ali Shah,c Devon Conway b Rachin Ravindra,2,13,0,0,15.38,UGA,2.14,18.4,40,239634
Dinesh Nakrani,c Glenn Phillips b Rachin Ravindra,4,13,0,0,30.76,UGA,2.14,18.4,40,239634
Brian Masaba (c),not out,3,20,0,0,15,UGA,2.14,18.4,40,239634
Fred Achelam (wk),lbw b Tim Southee,9,13,1,0,69.23,UGA,2.14,18.4,40,239634
Juma Miyagi,lbw b Tim Southee,0,1,0,0,0,UGA,2.14,18.4,40,239634
Cosmas Kyewuta,c Daryl Mitchell b Mitchell Santner,1,6,0,0,16.66,UGA,2.14,18.4,40,239634
Finn Allen,c Fred Achelam b Riazat Ali Shah,9,17,1,0,52.94,NZ,7.69,5.2,41,239634
Devon Conway (wk),not out,22,15,4,0,146.66,NZ,7.69,5.2,41,239634
Rachin Ravindra,not out,1,1,0,0,100,NZ,7.69,5.2,41,239634
Kane Williamson (c),,,,,,,NZ,7.69,5.2,41,239634
Daryl Mitchell,,,,,,,NZ,7.69,5.2,41,239634
Glenn Phillips,,,,,,,NZ,7.69,5.2,41,239634
James Neesham,,,,,,,NZ,7.69,5.2,41,239634
Mitchell Santner,,,,,,,NZ,7.69,5.2,41,239634
Tim Southee,,,,,,,NZ,7.69,5.2,41,239634
Lockie Ferguson,,,,,,,NZ,7.69,5.2,41,239634
Trent Boult,,,,,,,NZ,7.69,5.2,41,239634
Phil Salt,c Zane Green b David Wiese,11,8,2,0,137.50,ENG,12.20,10.0,122,239636
Jos Buttler (c) (wk),b Ruben Trumpelmann,0,4,0,0,0,ENG,12.20,10.0,122,239636
Jonny Bairstow,c Zane Green b Bernard Scholtz,31,18,3,2,172.22,ENG,12.20,10.0,122,239636
Harry Brook,not out,47,20,4,2,235,ENG,12.20,10.0,122,239636
Moeen Ali,c Niko Davin b Ruben Trumpelmann,16,6,0,2,266.66,ENG,12.20,10.0,122,239636
Liam Livingstone,run out (Ruben Trumpelmann / Zane Green),13,4,0,2,325,ENG,12.20,10.0,122,239636
Sam Curran,,,,,,,ENG,12.20,10.0,122,239636
Chris Jordan,,,,,,,ENG,12.20,10.0,122,239636
Jofra Archer,,,,,,,ENG,12.20,10.0,122,239636
Adil Rashid,,,,,,,ENG,12.20,10.0,122,239636
Reece Topley,,,,,,,ENG,12.20,10.0,122,239636
Michael Van Lingen,c Harry Brook b Chris Jordan,33,29,1,3,113.79,NAM,8.40,10.0,84,239636
Niko Davin,retired out,18,16,1,1,112.50,NAM,8.40,10.0,84,239636
David Wiese,c Harry Brook b Jofra Archer,27,12,2,2,225,NAM,8.40,10.0,84,239636
Merwe Erasmus (c),not out,1,3,0,0,33.33,NAM,8.40,10.0,84,239636
JJ Smit,not out,0,1,0,0,0,NAM,8.40,10.0,84,239636
Jan Frylinck,,,,,,,NAM,8.40,10.0,84,239636
JP Kotze,,,,,,,NAM,8.40,10.0,84,239636
Zane Green (wk),,,,,,,NAM,8.40,10.0,84,239636
Ruben Trumpelmann,,,,,,,NAM,8.40,10.0,84,239636
Bernard Scholtz,,,,,,,NAM,8.40,10.0,84,239636
Jack Brassell,,,,,,,NAM,8.40,10.0,84,239636
George Munsey,c Nathan Ellis b Glenn Maxwell,35,23,2,3,152.17,SCO,9.00,20.0,180,239637
Michael Jones,b Ashton Agar,2,3,0,0,66.66,SCO,9.00,20.0,180,239637
Brandon McMullen,c Mitchell Starc b Adam Zampa,60,34,2,6,176.47,SCO,9.00,20.0,180,239637
Richie Berrington (c),not out,42,31,1,2,135.48,SCO,9.00,20.0,180,239637
Matthew Cross (wk),c Ashton Agar b Glenn Maxwell,18,11,1,1,163.63,SCO,9.00,20.0,180,239637
Michael Leask,c Mitchell Starc b Nathan Ellis,5,8,0,0,62.50,SCO,9.00,20.0,180,239637
Chris Greaves,not out,9,10,0,0,90,SCO,9.00,20.0,180,239637
Mark Watt,,,,,,,SCO,9.00,20.0,180,239637
Chris Sole,,,,,,,SCO,9.00,20.0,180,239637
Brad Wheal,,,,,,,SCO,9.00,20.0,180,239637
Safyaan Sharif,,,,,,,SCO,9.00,20.0,180,239637
Travis Head,c Michael Jones b Safyaan Sharif,68,49,5,4,138.77,AUS,9.46,19.4,186,239637
David Warner,c Richie Berrington b Brad Wheal,1,4,0,0,25,AUS,9.46,19.4,186,239637
Mitchell Marsh (c),c sub Charlie Tear b Safyaan Sharif,8,9,1,0,88.88,AUS,9.46,19.4,186,239637
Glenn Maxwell,b Mark Watt,11,8,0,1,137.50,AUS,9.46,19.4,186,239637
Marcus Stoinis,b Mark Watt,59,29,9,2,203.44,AUS,9.46,19.4,186,239637
Tim David,not out,24,14,2,1,171.42,AUS,9.46,19.4,186,239637
Matthew Wade (wk),not out,4,5,0,0,80,AUS,9.46,19.4,186,239637
Ashton Agar,,,,,,,AUS,9.46,19.4,186,239637
Mitchell Starc,,,,,,,AUS,9.46,19.4,186,239637
Nathan Ellis,,,,,,,AUS,9.46,19.4,186,239637
Adam Zampa,,,,,,,AUS,9.46,19.4,186,239637
Andy Balbirnie,b Shaheen Afridi,0,3,0,0,0,IRE,5.30,20.0,106,239638
Paul Stirling (c),c Mohammad Rizwan b Mohammad Amir,1,2,0,0,50,IRE,5.30,20.0,106,239638
Lorcan Tucker (wk),c Mohammad Rizwan b Shaheen Afridi,2,2,0,0,100,IRE,5.30,20.0,106,239638
Harry Tector,lbw b Shaheen Afridi,0,6,0,0,0,IRE,5.30,20.0,106,239638
Curtis Campher,c Saim Ayub b Haris Rauf,7,14,1,0,50,IRE,5.30,20.0,106,239638
George Dockrell,c & b Mohammad Amir,11,10,2,0,110,IRE,5.30,20.0,106,239638
Gareth Delany,c Shadab Khan b Imad Wasim,31,19,1,3,163.15,IRE,5.30,20.0,106,239638
Mark Adair,c Shaheen Afridi b Imad Wasim,15,19,2,0,78.94,IRE,5.30,20.0,106,239638
Barry McCarthy,b Imad Wasim,2,7,0,0,28.57,IRE,5.30,20.0,106,239638
Joshua Little,not out,22,18,2,1,122.22,IRE,5.30,20.0,106,239638
Ben White,not out,5,20,0,0,25,IRE,5.30,20.0,106,239638
Mohammad Rizwan (wk),c Mark Adair b Barry McCarthy,17,16,2,0,106.25,PAK,5.89,18.5,111,239638
Saim Ayub,c Lorcan Tucker b Mark Adair,17,17,2,1,100,PAK,5.89,18.5,111,239638
Babar Azam (c),not out,32,34,2,0,94.11,PAK,5.89,18.5,111,239638
Fakhar Zaman,c sub Ross Adair b Curtis Campher,5,9,0,0,55.55,PAK,5.89,18.5,111,239638
Usman Khan,c Harry Tector b Barry McCarthy,2,3,0,0,66.66,PAK,5.89,18.5,111,239638
Shadab Khan,c Lorcan Tucker b Barry McCarthy,0,2,0,0,0,PAK,5.89,18.5,111,239638
Imad Wasim,c Harry Tector b Curtis Campher,4,6,1,0,66.66,PAK,5.89,18.5,111,239638
Abbas Afridi,c sub Ross Adair b Ben White,17,21,1,1,80.95,PAK,5.89,18.5,111,239638
Shaheen Afridi,not out,13,5,0,2,260,PAK,5.89,18.5,111,239638
Haris Rauf,,,,,,,PAK,5.89,18.5,111,239638
Mohammad Amir,,,,,,,PAK,5.89,18.5,111,239638
Tanzid Hasan,c & b Sompal Kami,0,1,0,0,0,BAN,5.44,19.3,106,239639
Litton Das (wk),c Aasif Sheikh b Sompal Kami,10,12,1,0,83.33,BAN,5.44,19.3,106,239639
Najmul Hossain Shanto (c),b Dipendra Singh Airee,4,5,0,0,80,BAN,5.44,19.3,106,239639
Shakib Al Hasan,lbw b Rohit Paudel,17,22,2,0,77.27,BAN,5.44,19.3,106,239639
Towhid Hridoy,c Sandeep Lamichhane b Rohit Paudel,9,7,2,0,128.57,BAN,5.44,19.3,106,239639
Mahmudullah,run out (Gulshan Jha / Sandeep Lamichhane),13,13,2,0,100,BAN,5.44,19.3,106,239639
Jaker Ali,b Sandeep Lamichhane,12,26,0,0,46.15,BAN,5.44,19.3,106,239639
Tanzim Hasan Sakib,b Sandeep Lamichhane,3,5,0,0,60,BAN,5.44,19.3,106,239639
Rishad Hossain,c Anil Sah b Dipendra Singh Airee,13,7,1,1,185.71,BAN,5.44,19.3,106,239639
Taskin Ahmed,not out,12,15,2,0,80,BAN,5.44,19.3,106,239639
Mustafizur Rahman,run out (Rohit Paudel / Dipendra Singh Airee),3,4,0,0,75,BAN,5.44,19.3,106,239639
Kushal Bhurtel,b Tanzim Hasan Sakib,4,8,1,0,50,NEP,4.40,19.2,85,239639
Aasif Sheikh (wk),c Shakib Al Hasan b Mustafizur Rahman,17,14,4,0,121.42,NEP,4.40,19.2,85,239639
Anil Sah,c Najmul Hossain Shanto b Tanzim Hasan Sakib,0,2,0,0,0,NEP,4.40,19.2,85,239639
Rohit Paudel (c),c Rishad Hossain b Tanzim Hasan Sakib,1,6,0,0,16.66,NEP,4.40,19.2,85,239639
Sundeep Jora,c Rishad Hossain b Tanzim Hasan Sakib,1,8,0,0,12.50,NEP,4.40,19.2,85,239639
Kushal Malla,c Najmul Hossain Shanto b Mustafizur Rahman,27,40,1,1,67.50,NEP,4.40,19.2,85,239639
Dipendra Singh Airee,c Litton Das b Mustafizur Rahman,25,31,2,1,80.64,NEP,4.40,19.2,85,239639
Gulshan Jha,c Towhid Hridoy b Taskin Ahmed,0,4,0,0,0,NEP,4.40,19.2,85,239639
Sompal Kami,st Litton Das b Shakib Al Hasan,0,2,0,0,0,NEP,4.40,19.2,85,239639
Sandeep Lamichhane,not out,0,0,0,0,,NEP,4.40,19.2,85,239639
Abinash Bohara,lbw b Shakib Al Hasan,0,1,0,0,0,NEP,4.40,19.2,85,239639
Pathum Nissanka,c Sybrand Engelbrecht b Vivian Kingma,0,2,0,0,0,SL,10.05,20.0,201,239640
Kusal Mendis (wk),c Sybrand Engelbrecht b Aryan Dutt,46,29,5,0,158.62,SL,10.05,20.0,201,239640
Kamindu Mendis,c Logan van Beek b Paul van Meekeren,17,20,1,1,85,SL,10.05,20.0,201,239640
Dhananjaya De Silva,c Bas de Leede b Tim Pringle,34,26,3,1,130.76,SL,10.05,20.0,201,239640
Charith Asalanka,c Bas de Leede b Logan van Beek,46,21,1,5,219.04,SL,10.05,20.0,201,239640
Angelo Mathews,not out,30,15,1,2,200,SL,10.05,20.0,201,239640
Dasun Shanaka,c Scott Edwards b Logan van Beek,0,1,0,0,0,SL,10.05,20.0,201,239640
Wanindu Hasaranga (c),not out,20,6,1,2,333.33,SL,10.05,20.0,201,239640
Maheesh Theekshana,,,,,,,SL,10.05,20.0,201,239640
Matheesha Pathirana,,,,,,,SL,10.05,20.0,201,239640
Nuwan Thushara,,,,,,,SL,10.05,20.0,201,239640
Michael Levitt,st Kusal Mendis b Maheesh Theekshana,31,23,2,3,134.78,NED,7.08,16.4,118,239640
Max O'Dowd,c Kamindu Mendis b Nuwan Thushara,11,8,0,1,137.50,NED,7.08,16.4,118,239640
Vikramjit Singh,c Kamindu Mendis b Dasun Shanaka,7,10,0,0,70,NED,7.08,16.4,118,239640
Sybrand Engelbrecht,c Charith Asalanka b Matheesha Pathirana,11,9,0,1,122.22,NED,7.08,16.4,118,239640
Scott Edwards (c) (wk),c Maheesh Theekshana b Nuwan Thushara,31,24,2,1,129.16,NED,7.08,16.4,118,239640
Bas De Leede,c Charith Asalanka b Wanindu Hasaranga,3,5,0,0,60,NED,7.08,16.4,118,239640
Logan Van Beek,run out (Kusal Mendis),0,1,0,0,0,NED,7.08,16.4,118,239640
Tim Pringle,st Kusal Mendis b Wanindu Hasaranga,2,4,0,0,50,NED,7.08,16.4,118,239640
Aryan Dutt,b Matheesha Pathirana,10,8,1,0,125,NED,7.08,16.4,118,239640
Paul Van Meekeren,lbw b Nuwan Thushara,3,8,0,0,37.50,NED,7.08,16.4,118,239640
Vivian Kingma,not out,1,1,0,0,100,NED,7.08,16.4,118,239640
Tony Ura,c Glenn Phillips b Tim Southee,1,2,0,0,50,PNG,3.97,19.4,78,239641
Assad Vala (c),c Daryl Mitchell b Lockie Ferguson,6,16,1,0,37.50,PNG,3.97,19.4,78,239641
Charles Amini,lbw b Lockie Ferguson,17,25,2,0,68,PNG,3.97,19.4,78,239641
Sese Bau,c Finn Allen b Mitchell Santner,12,27,1,0,44.44,PNG,3.97,19.4,78,239641
Hiri Hiri,b Trent Boult,7,11,1,0,63.63,PNG,3.97,19.4,78,239641
Chad Soper,b Lockie Ferguson,1,6,0,0,16.66,PNG,3.97,19.4,78,239641
Kipling Doriga (wk),b Tim Southee,5,7,1,0,71.42,PNG,3.97,19.4,78,239641
Norman Vanua,c Daryl Mitchell b Trent Boult,14,13,1,1,107.69,PNG,3.97,19.4,78,239641
Alei Nao,c Daryl Mitchell b Ish Sodhi,3,7,0,0,42.85,PNG,3.97,19.4,78,239641
Kabua Morea,st Devon Conway b Ish Sodhi,0,3,0,0,0,PNG,3.97,19.4,78,239641
Semo Kamea,not out,1,1,0,0,100,PNG,3.97,19.4,78,239641
Finn Allen,c Kipling Doriga b Kabua Morea,0,2,0,0,0,NZ,6.41,12.2,79,239641
Devon Conway (wk),lbw b Semo Kamea,35,32,2,3,109.37,NZ,6.41,12.2,79,239641
Rachin Ravindra,c Semo Kamea b Kabua Morea,6,11,0,0,54.54,NZ,6.41,12.2,79,239641
Kane Williamson (c),not out,18,17,2,0,105.88,NZ,6.41,12.2,79,239641
Daryl Mitchell,not out,19,12,3,0,158.33,NZ,6.41,12.2,79,239641
Glenn Phillips,,,,,,,NZ,6.41,12.2,79,239641
Mitchell Santner,,,,,,,NZ,6.41,12.2,79,239641
Ish Sodhi,,,,,,,NZ,6.41,12.2,79,239641
Tim Southee,,,,,,,NZ,6.41,12.2,79,239641
Lockie Ferguson,,,,,,,NZ,6.41,12.2,79,239641
Trent Boult,,,,,,,NZ,6.41,12.2,79,239641
Brandon King,b Azmatullah Omarzai,7,6,1,0,116.66,WI,10.90,20.0,218,239642
Johnson Charles,c Gulbadin Naib b Naveen-ul-Haq,43,27,8,0,159.25,WI,10.90,20.0,218,239642
Nicholas Pooran (wk),run out (Azmatullah Omarzai),98,53,6,8,184.90,WI,10.90,20.0,218,239642
Shai Hope,c Najibullah Zadran b Gulbadin Naib,25,17,0,2,147.05,WI,10.90,20.0,218,239642
Rovman Powell (c),c sub Nangeyalia Kharote b Gulbadin Naib,26,15,1,2,173.33,WI,10.90,20.0,218,239642
Andre Russell,not out,3,3,0,0,100,WI,10.90,20.0,218,239642
Sherfane Rutherford,not out,1,1,0,0,100,WI,10.90,20.0,218,239642
Akeal Hosein,,,,,,,WI,10.90,20.0,218,239642
Alzarri Joseph,,,,,,,WI,10.90,20.0,218,239642
Gudakesh Motie,,,,,,,WI,10.90,20.0,218,239642
Obed McCoy,,,,,,,WI,10.90,20.0,218,239642
Rahmanullah Gurbaz (wk),c Andre Russell b Akeal Hosein,0,3,0,0,0,AFG,6.98,16.2,114,239642
Ibrahim Zadran,c Johnson Charles b Obed McCoy,38,28,5,1,135.71,AFG,6.98,16.2,114,239642
Gulbadin Naib,lbw b Gudakesh Motie,7,10,1,0,70,AFG,6.98,16.2,114,239642
Azmatullah Omarzai,c Rovman Powell b Akeal Hosein,23,19,1,1,121.05,AFG,6.98,16.2,114,239642
Najibullah Zadran,c Johnson Charles b Obed McCoy,0,2,0,0,0,AFG,6.98,16.2,114,239642
Mohammad Nabi,b Obed McCoy,1,4,0,0,25,AFG,6.98,16.2,114,239642
Karim Janat,run out (Brandon King / Akeal Hosein),14,9,0,1,155.55,AFG,6.98,16.2,114,239642
Rashid Khan (c),c Rovman Powell b Andre Russell,18,11,2,1,163.63,AFG,6.98,16.2,114,239642
Noor Ahmad,c Sherfane Rutherford b Gudakesh Motie,2,4,0,0,50,AFG,6.98,16.2,114,239642
Naveen-Ul-Haq,c Nicholas Pooran b Alzarri Joseph,4,6,1,0,66.66,AFG,6.98,16.2,114,239642
Fazalhaq Farooqi,not out,0,2,0,0,0,AFG,6.98,16.2,114,239642
Quinton De Kock (wk),c Shayan Jahangir b Harmeet Singh,74,40,7,5,185,SA,9.70,20.0,194,239643
Reeza Hendricks,c Corey Anderson b Saurabh Netravalkar,11,11,0,1,100,SA,9.70,20.0,194,239643
Aiden Markram (c),c Ali Khan b Saurabh Netravalkar,46,32,4,1,143.75,SA,9.70,20.0,194,239643
David Miller,c & b Harmeet Singh,0,1,0,0,0,SA,9.70,20.0,194,239643
Heinrich Klaasen,not out,36,22,0,3,163.63,SA,9.70,20.0,194,239643
Tristan Stubbs,not out,20,16,2,0,125,SA,9.70,20.0,194,239643
Marco Jansen,,,,,,,SA,9.70,20.0,194,239643
Keshav Maharaj,,,,,,,SA,9.70,20.0,194,239643
Kagiso Rabada,,,,,,,SA,9.70,20.0,194,239643
Anrich Nortje,,,,,,,SA,9.70,20.0,194,239643
Tabraiz Shamsi,,,,,,,SA,9.70,20.0,194,239643
Steven Taylor,c Heinrich Klaasen b Kagiso Rabada,24,14,4,1,171.42,USA,8.80,20.0,176,239643
Andries Gous (wk),not out,80,47,5,5,170.21,USA,8.80,20.0,176,239643
Nitish Kumar,c Tristan Stubbs b Kagiso Rabada,8,6,0,1,133.33,USA,8.80,20.0,176,239643
Aaron Jones (c),c Quinton de Kock b Keshav Maharaj,0,5,0,0,0,USA,8.80,20.0,176,239643
Corey Anderson,b Anrich Nortje,12,12,0,1,100,USA,8.80,20.0,176,239643
Shayan Jahangir,lbw b Tabraiz Shamsi,3,9,0,0,33.33,USA,8.80,20.0,176,239643
Harmeet Singh,c Tristan Stubbs b Kagiso Rabada,38,22,2,3,172.72,USA,8.80,20.0,176,239643
Jessy Singh,not out,2,6,0,0,33.33,USA,8.80,20.0,176,239643
Nosthush Kenjige,,,,,,,USA,8.80,20.0,176,239643
Ali Khan,,,,,,,USA,8.80,20.0,176,239643
Saurabh Netravalkar,,,,,,,USA,8.80,20.0,176,239643
Brandon King,retired hurt,23,13,3,1,176.92,WI,9.00,20.0,180,239644
Johnson Charles,c Harry Brook b Moeen Ali,38,34,4,1,111.76,WI,9.00,20.0,180,239644
Nicholas Pooran (wk),c Jos Buttler b Jofra Archer,36,32,4,1,112.50,WI,9.00,20.0,180,239644
Rovman Powell (c),c Mark Wood b Liam Livingstone,36,17,0,5,211.76,WI,9.00,20.0,180,239644
Andre Russell,c Phil Salt b Adil Rashid,1,2,0,0,50,WI,9.00,20.0,180,239644
Sherfane Rutherford,not out,28,15,1,2,186.66,WI,9.00,20.0,180,239644
Romario Shepherd,not out,5,7,1,0,71.42,WI,9.00,20.0,180,239644
Roston Chase,,,,,,,WI,9.00,20.0,180,239644
Akeal Hosein,,,,,,,WI,9.00,20.0,180,239644
Alzarri Joseph,,,,,,,WI,9.00,20.0,180,239644
Gudakesh Motie,,,,,,,WI,9.00,20.0,180,239644
Phil Salt,not out,87,47,7,5,185.10,ENG,10.34,17.3,181,239644
Jos Buttler (c) (wk),lbw b Roston Chase,25,22,2,0,113.63,ENG,10.34,17.3,181,239644
Moeen Ali,c Johnson Charles b Andre Russell,13,10,2,0,130,ENG,10.34,17.3,181,239644
Jonny Bairstow,not out,48,26,5,2,184.61,ENG,10.34,17.3,181,239644
Harry Brook,,,,,,,ENG,10.34,17.3,181,239644
Liam Livingstone,,,,,,,ENG,10.34,17.3,181,239644
Sam Curran,,,,,,,ENG,10.34,17.3,181,239644
Jofra Archer,,,,,,,ENG,10.34,17.3,181,239644
Adil Rashid,,,,,,,ENG,10.34,17.3,181,239644
Mark Wood,,,,,,,ENG,10.34,17.3,181,239644
Reece Topley,,,,,,,ENG,10.34,17.3,181,239644
Rohit Sharma (c),c Rashid Khan b Fazalhaq Farooqi,8,13,1,0,61.53,IND,9.05,20.0,181,239645
Virat Kohli,c Mohammad Nabi b Rashid Khan,24,24,0,1,100,IND,9.05,20.0,181,239645
Rishabh Pant (wk),lbw b Rashid Khan,20,11,4,0,181.81,IND,9.05,20.0,181,239645
Suryakumar Yadav,c Mohammad Nabi b Fazalhaq Farooqi,53,28,5,3,189.28,IND,9.05,20.0,181,239645
Shivam Dube,lbw b Rashid Khan,10,7,0,1,142.85,IND,9.05,20.0,181,239645
Hardik Pandya,c Azmatullah Omarzai b Naveen-ul-Haq,32,24,3,2,133.33,IND,9.05,20.0,181,239645
Ravindra Jadeja,c Gulbadin Naib b Fazalhaq Farooqi,7,5,1,0,140,IND,9.05,20.0,181,239645
Axar Patel,run out (Rahmanullah Gurbaz / Naveen-ul-Haq),12,6,2,0,200,IND,9.05,20.0,181,239645
Arshdeep Singh,not out,2,2,0,0,100,IND,9.05,20.0,181,239645
Kuldeep Yadav,,,,,,,IND,9.05,20.0,181,239645
Jasprit Bumrah,,,,,,,IND,9.05,20.0,181,239645
Rahmanullah Gurbaz (wk),c Rishabh Pant b Jasprit Bumrah,11,8,1,1,137.50,AFG,6.70,20.0,134,239645
Hazratullah Zazai,c Ravindra Jadeja b Jasprit Bumrah,2,4,0,0,50,AFG,6.70,20.0,134,239645
Ibrahim Zadran,c Rohit Sharma b Axar Patel,8,11,1,0,72.72,AFG,6.70,20.0,134,239645
Gulbadin Naib,c Rishabh Pant b Kuldeep Yadav,17,21,1,1,80.95,AFG,6.70,20.0,134,239645
Azmatullah Omarzai,c Axar Patel b Ravindra Jadeja,26,20,2,1,130,AFG,6.70,20.0,134,239645
Najibullah Zadran,c Arshdeep Singh b Jasprit Bumrah,19,17,0,2,111.76,AFG,6.70,20.0,134,239645
Mohammad Nabi,c Ravindra Jadeja b Kuldeep Yadav,14,14,0,1,100,AFG,6.70,20.0,134,239645
Rashid Khan (c),c Ravindra Jadeja b Arshdeep Singh,2,6,0,0,33.33,AFG,6.70,20.0,134,239645
Noor Ahmad,c Rohit Sharma b Arshdeep Singh,12,18,1,1,66.66,AFG,6.70,20.0,134,239645
Naveen-Ul-Haq,c Rishabh Pant b Arshdeep Singh,0,1,0,0,0,AFG,6.70,20.0,134,239645
Fazalhaq Farooqi,not out,4,1,1,0,400,AFG,6.70,20.0,134,239645
Tanzid Hasan,b Mitchell Starc,0,3,0,0,0,BAN,7.00,20.0,140,239646
Litton Das (wk),b Adam Zampa,16,25,2,0,64,BAN,7.00,20.0,140,239646
Najmul Hossain Shanto (c),lbw b Adam Zampa,41,36,5,1,113.88,BAN,7.00,20.0,140,239646
Rishad Hossain,c Adam Zampa b Glenn Maxwell,2,4,0,0,50,BAN,7.00,20.0,140,239646
Towhid Hridoy,c Josh Hazlewood b Pat Cummins,40,28,2,2,142.85,BAN,7.00,20.0,140,239646
Shakib Al Hasan,c & b Marcus Stoinis,8,10,0,0,80,BAN,7.00,20.0,140,239646
Mahmudullah,b Pat Cummins,2,3,0,0,66.66,BAN,7.00,20.0,140,239646
Mahedi Hasan,c Adam Zampa b Pat Cummins,0,1,0,0,0,BAN,7.00,20.0,140,239646
Taskin Ahmed,not out,13,7,1,0,185.71,BAN,7.00,20.0,140,239646
Tanzim Hasan Sakib,not out,4,3,0,0,133.33,BAN,7.00,20.0,140,239646
Mustafizur Rahman,,,,,,,BAN,7.00,20.0,140,239646
David Warner,not out,53,35,5,3,151.42,AUS,8.82,11.2,100,239646
Travis Head,b Rishad Hossain,31,21,3,2,147.61,AUS,8.82,11.2,100,239646
Mitchell Marsh (c),lbw b Rishad Hossain,1,6,0,0,16.66,AUS,8.82,11.2,100,239646
Glenn Maxwell,not out,14,6,1,1,233.33,AUS,8.82,11.2,100,239646
Marcus Stoinis,,,,,,,AUS,8.82,11.2,100,239646
Tim David,,,,,,,AUS,8.82,11.2,100,239646
Matthew Wade (wk),,,,,,,AUS,8.82,11.2,100,239646
Pat Cummins,,,,,,,AUS,8.82,11.2,100,239646
Mitchell Starc,,,,,,,AUS,8.82,11.2,100,239646
Adam Zampa,,,,,,,AUS,8.82,11.2,100,239646
Josh Hazlewood,,,,,,,AUS,8.82,11.2,100,239646
Reeza Hendricks,c Harry Brook b Moeen Ali,19,25,1,0,76,SA,8.15,20.0,163,239647
Quinton De Kock (wk),c Jos Buttler b Jofra Archer,65,38,4,4,171.05,SA,8.15,20.0,163,239647
Heinrich Klaasen,run out (Jos Buttler),8,13,1,0,61.53,SA,8.15,20.0,163,239647
David Miller,c Harry Brook b Jofra Archer,43,28,4,2,153.57,SA,8.15,20.0,163,239647
Aiden Markram (c),b Adil Rashid,1,2,0,0,50,SA,8.15,20.0,163,239647
Tristan Stubbs,not out,12,11,1,0,109.09,SA,8.15,20.0,163,239647
Marco Jansen,c Sam Curran b Jofra Archer,0,1,0,0,0,SA,8.15,20.0,163,239647
Keshav Maharaj,not out,5,2,1,0,250,SA,8.15,20.0,163,239647
Kagiso Rabada,,,,,,,SA,8.15,20.0,163,239647
Anrich Nortje,,,,,,,SA,8.15,20.0,163,239647
Ottneil Baartman,,,,,,,SA,8.15,20.0,163,239647
Phil Salt,c Reeza Hendricks b Kagiso Rabada,11,8,1,1,137.50,ENG,7.80,20.0,156,239647
Jos Buttler (c) (wk),c Heinrich Klaasen b Keshav Maharaj,17,20,1,0,85,ENG,7.80,20.0,156,239647
Jonny Bairstow,c Anrich Nortje b Keshav Maharaj,16,20,1,0,80,ENG,7.80,20.0,156,239647
Moeen Ali,c Keshav Maharaj b Ottneil Baartman,9,10,0,0,90,ENG,7.80,20.0,156,239647
Harry Brook,c Aiden Markram b Anrich Nortje,53,37,7,0,143.24,ENG,7.80,20.0,156,239647
Liam Livingstone,c Tristan Stubbs b Kagiso Rabada,33,17,3,2,194.11,ENG,7.80,20.0,156,239647
Sam Curran,not out,10,7,1,0,142.85,ENG,7.80,20.0,156,239647
Jofra Archer,not out,1,2,0,0,50,ENG,7.80,20.0,156,239647
Adil Rashid,,,,,,,ENG,7.80,20.0,156,239647
Mark Wood,,,,,,,ENG,7.80,20.0,156,239647
Reece Topley,,,,,,,ENG,7.80,20.0,156,239647
Steven Taylor,c Roston Chase b Andre Russell,2,7,0,0,28.57,USA,6.45,19.5,128,239648
Andries Gous (wk),c Shai Hope b Alzarri Joseph,29,16,3,1,181.25,USA,6.45,19.5,128,239648
Nitish Kumar,lbw b Gudakesh Motie,20,19,2,0,105.26,USA,6.45,19.5,128,239648
Aaron Jones (c),b Roston Chase,11,11,0,1,100,USA,6.45,19.5,128,239648
Corey Anderson,lbw b Roston Chase,7,15,0,0,46.66,USA,6.45,19.5,128,239648
Milind Kumar,run out (Gudakesh Motie / Andre Russell),19,21,1,0,90.47,USA,6.45,19.5,128,239648
Harmeet Singh,c Johnson Charles b Roston Chase,0,1,0,0,0,USA,6.45,19.5,128,239648
Shadley Van Schalkwyk,c Johnson Charles b Andre Russell,18,17,3,0,105.88,USA,6.45,19.5,128,239648
Nosthush Kenjige,c Nicholas Pooran b Alzarri Joseph,1,3,0,0,33.33,USA,6.45,19.5,128,239648
Ali Khan,not out,14,6,1,1,233.33,USA,6.45,19.5,128,239648
Saurabh Netravalkar,c Rovman Powell b Andre Russell,0,4,0,0,0,USA,6.45,19.5,128,239648
Shai Hope,not out,82,39,4,8,210.25,WI,12.00,10.5,130,239648
Johnson Charles,c Milind Kumar b Harmeet Singh,15,14,2,0,107.14,WI,12.00,10.5,130,239648
Nicholas Pooran (wk),not out,27,12,1,3,225,WI,12.00,10.5,130,239648
Roston Chase,,,,,,,WI,12.00,10.5,130,239648
Rovman Powell (c),,,,,,,WI,12.00,10.5,130,239648
Sherfane Rutherford,,,,,,,WI,12.00,10.5,130,239648
Andre Russell,,,,,,,WI,12.00,10.5,130,239648
Akeal Hosein,,,,,,,WI,12.00,10.5,130,239648
Alzarri Joseph,,,,,,,WI,12.00,10.5,130,239648
Gudakesh Motie,,,,,,,WI,12.00,10.5,130,239648
Obed McCoy,,,,,,,WI,12.00,10.5,130,239648
Rohit Sharma (c),c Jaker Ali b Shakib Al Hasan,23,11,3,1,209.09,IND,9.80,20.0,196,239649
Virat Kohli,b Tanzim Hasan Sakib,37,28,1,3,132.14,IND,9.80,20.0,196,239649
Rishabh Pant (wk),c Tanzim Hasan Sakib b Rishad Hossain,36,24,4,2,150,IND,9.80,20.0,196,239649
Suryakumar Yadav,c Litton Das b Tanzim Hasan Sakib,6,2,0,1,300,IND,9.80,20.0,196,239649
Shivam Dube,b Rishad Hossain,34,24,0,3,141.66,IND,9.80,20.0,196,239649
Hardik Pandya,not out,50,27,4,3,185.18,IND,9.80,20.0,196,239649
Axar Patel,not out,3,5,0,0,60,IND,9.80,20.0,196,239649
Ravindra Jadeja,,,,,,,IND,9.80,20.0,196,239649
Kuldeep Yadav,,,,,,,IND,9.80,20.0,196,239649
Arshdeep Singh,,,,,,,IND,9.80,20.0,196,239649
Jasprit Bumrah,,,,,,,IND,9.80,20.0,196,239649
Litton Das (wk),c Suryakumar Yadav b Hardik Pandya,13,10,1,1,130,BAN,7.30,20.0,146,239649
Tanzid Hasan,lbw b Kuldeep Yadav,29,31,4,0,93.54,BAN,7.30,20.0,146,239649
Najmul Hossain Shanto (c),c Arshdeep Singh b Jasprit Bumrah,40,32,1,3,125,BAN,7.30,20.0,146,239649
Towhid Hridoy,lbw b Kuldeep Yadav,4,6,0,0,66.66,BAN,7.30,20.0,146,239649
Shakib Al Hasan,c Rohit Sharma b Kuldeep Yadav,11,7,1,1,157.14,BAN,7.30,20.0,146,239649
Mahmudullah,c Axar Patel b Arshdeep Singh,13,15,1,0,86.66,BAN,7.30,20.0,146,239649
Jaker Ali,c Virat Kohli b Arshdeep Singh,1,4,0,0,25,BAN,7.30,20.0,146,239649
Rishad Hossain,c Rohit Sharma b Jasprit Bumrah,24,10,1,3,240,BAN,7.30,20.0,146,239649
Mahedi Hasan,not out,5,4,1,0,125,BAN,7.30,20.0,146,239649
Tanzim Hasan Sakib,not out,1,1,0,0,100,BAN,7.30,20.0,146,239649
Mustafizur Rahman,,,,,,,BAN,7.30,20.0,146,239649
Rahmanullah Gurbaz (wk),c David Warner b Marcus Stoinis,60,49,4,4,122.44,AFG,7.40,20.0,148,239650
Ibrahim Zadran,c Mitchell Marsh b Adam Zampa,51,48,6,0,106.25,AFG,7.40,20.0,148,239650
Azmatullah Omarzai,b Adam Zampa,2,3,0,0,66.66,AFG,7.40,20.0,148,239650
Karim Janat,c Tim David b Pat Cummins,13,9,0,1,144.44,AFG,7.40,20.0,148,239650
Rashid Khan (c),c Tim David b Pat Cummins,2,5,0,0,40,AFG,7.40,20.0,148,239650
Mohammad Nabi,not out,10,4,2,0,250,AFG,7.40,20.0,148,239650
Gulbadin Naib,c Glenn Maxwell b Pat Cummins,0,1,0,0,0,AFG,7.40,20.0,148,239650
Nangeyalia Kharote,not out,1,1,0,0,100,AFG,7.40,20.0,148,239650
Noor Ahmad,,,,,,,AFG,7.40,20.0,148,239650
Naveen-Ul-Haq,,,,,,,AFG,7.40,20.0,148,239650
Fazalhaq Farooqi,,,,,,,AFG,7.40,20.0,148,239650
Travis Head,b Naveen-ul-Haq,0,3,0,0,0,AUS,6.57,19.2,127,239650
David Warner,c Noor Ahmad b Mohammad Nabi,3,8,0,0,37.50,AUS,6.57,19.2,127,239650
Mitchell Marsh (c),c Mohammad Nabi b Naveen-ul-Haq,12,9,2,0,133.33,AUS,6.57,19.2,127,239650
Glenn Maxwell,c Noor Ahmad b Gulbadin Naib,59,41,6,3,143.90,AUS,6.57,19.2,127,239650
Marcus Stoinis,c Rahmanullah Gurbaz b Gulbadin Naib,11,17,1,0,64.70,AUS,6.57,19.2,127,239650
Tim David,lbw b Gulbadin Naib,2,4,0,0,50,AUS,6.57,19.2,127,239650
Matthew Wade (wk),c Karim Janat b Rashid Khan,5,7,0,0,71.42,AUS,6.57,19.2,127,239650
Pat Cummins,b Gulbadin Naib,3,9,0,0,33.33,AUS,6.57,19.2,127,239650
Ashton Agar,c Gulbadin Naib b Naveen-ul-Haq,2,5,0,0,40,AUS,6.57,19.2,127,239650
Adam Zampa,c Mohammad Nabi b Azmatullah Omarzai,9,7,1,0,128.57,AUS,6.57,19.2,127,239650
Josh Hazlewood,not out,5,7,0,0,71.42,AUS,6.57,19.2,127,239650
Steven Taylor,c Moeen Ali b Sam Curran,12,13,2,0,92.30,USA,6.11,18.5,115,239651
Andries Gous (wk),c Phil Salt b Reece Topley,8,5,0,1,160,USA,6.11,18.5,115,239651
Nitish Kumar,b Adil Rashid,30,24,1,2,125,USA,6.11,18.5,115,239651
Aaron Jones (c),b Adil Rashid,10,16,2,0,62.50,USA,6.11,18.5,115,239651
Corey Anderson,c Harry Brook b Chris Jordan,29,28,0,1,103.57,USA,6.11,18.5,115,239651
Milind Kumar,c Jos Buttler b Liam Livingstone,4,6,0,0,66.66,USA,6.11,18.5,115,239651
Harmeet Singh,c Chris Jordan b Sam Curran,21,17,2,1,123.52,USA,6.11,18.5,115,239651
Shadley Van Schalkwyk,not out,0,0,0,0,,USA,6.11,18.5,115,239651
Ali Khan,b Chris Jordan,0,2,0,0,0,USA,6.11,18.5,115,239651
Nosthush Kenjige,lbw b Chris Jordan,0,1,0,0,0,USA,6.11,18.5,115,239651
Saurabh Netravalkar,b Chris Jordan,0,1,0,0,0,USA,6.11,18.5,115,239651
Phil Salt,not out,25,21,2,0,119.04,ENG,12.10,9.4,117,239651
Jos Buttler (c) (wk),not out,83,38,6,7,218.42,ENG,12.10,9.4,117,239651
Jonny Bairstow,,,,,,,ENG,12.10,9.4,117,239651
Harry Brook,,,,,,,ENG,12.10,9.4,117,239651
Moeen Ali,,,,,,,ENG,12.10,9.4,117,239651
Liam Livingstone,,,,,,,ENG,12.10,9.4,117,239651
Sam Curran,,,,,,,ENG,12.10,9.4,117,239651
Chris Jordan,,,,,,,ENG,12.10,9.4,117,239651
Jofra Archer,,,,,,,ENG,12.10,9.4,117,239651
Adil Rashid,,,,,,,ENG,12.10,9.4,117,239651
Reece Topley,,,,,,,ENG,12.10,9.4,117,239651
Kyle Mayers,c Tristan Stubbs b Tabraiz Shamsi,35,34,3,2,102.94,WI,6.75,20.0,135,239652
Shai Hope,c Tristan Stubbs b Marco Jansen,0,1,0,0,0,WI,6.75,20.0,135,239652
Nicholas Pooran (wk),c Marco Jansen b Aiden Markram,1,3,0,0,33.33,WI,6.75,20.0,135,239652
Roston Chase,c Kagiso Rabada b Tabraiz Shamsi,52,42,3,2,123.80,WI,6.75,20.0,135,239652
Rovman Powell (c),st Quinton de Kock b Keshav Maharaj,1,2,0,0,50,WI,6.75,20.0,135,239652
Sherfane Rutherford,c Aiden Markram b Tabraiz Shamsi,0,4,0,0,0,WI,6.75,20.0,135,239652
Andre Russell,run out (Anrich Nortje),15,9,0,2,166.66,WI,6.75,20.0,135,239652
Akeal Hosein,c & b Kagiso Rabada,6,11,1,0,54.54,WI,6.75,20.0,135,239652
Alzarri Joseph,not out,11,7,0,1,157.14,WI,6.75,20.0,135,239652
Gudakesh Motie,not out,4,7,1,0,57.14,WI,6.75,20.0,135,239652
Obed McCoy,,,,,,,WI,6.75,20.0,135,239652
Quinton De Kock (wk),c Sherfane Rutherford b Andre Russell,12,7,3,0,171.42,SA,7.67,16.1,124,239652
Reeza Hendricks,c Nicholas Pooran b Andre Russell,0,1,0,0,0,SA,7.67,16.1,124,239652
Aiden Markram (c),c Kyle Mayers b Alzarri Joseph,18,15,2,0,120,SA,7.67,16.1,124,239652
Tristan Stubbs,c Kyle Mayers b Roston Chase,29,27,4,0,107.40,SA,7.67,16.1,124,239652
Heinrich Klaasen,c Nicholas Pooran b Alzarri Joseph,22,10,3,1,220,SA,7.67,16.1,124,239652
David Miller,b Roston Chase,4,14,0,0,28.57,SA,7.67,16.1,124,239652
Marco Jansen,not out,21,14,1,1,150,SA,7.67,16.1,124,239652
Keshav Maharaj,c Alzarri Joseph b Roston Chase,2,6,0,0,33.33,SA,7.67,16.1,124,239652
Kagiso Rabada,not out,5,3,1,0,166.66,SA,7.67,16.1,124,239652
Anrich Nortje,,,,,,,SA,7.67,16.1,124,239652
Tabraiz Shamsi,,,,,,,SA,7.67,16.1,124,239652
Rohit Sharma (c),b Mitchell Starc,92,41,7,8,224.39,IND,10.25,20.0,205,239653
Virat Kohli,c Tim David b Josh Hazlewood,0,5,0,0,0,IND,10.25,20.0,205,239653
Rishabh Pant (wk),c Josh Hazlewood b Marcus Stoinis,15,14,1,1,107.14,IND,10.25,20.0,205,239653
Suryakumar Yadav,c Matthew Wade b Mitchell Starc,31,16,3,2,193.75,IND,10.25,20.0,205,239653
Shivam Dube,c David Warner b Marcus Stoinis,28,22,2,1,127.27,IND,10.25,20.0,205,239653
Hardik Pandya,not out,27,17,1,2,158.82,IND,10.25,20.0,205,239653
Ravindra Jadeja,not out,9,5,0,1,180,IND,10.25,20.0,205,239653
Axar Patel,,,,,,,IND,10.25,20.0,205,239653
Kuldeep Yadav,,,,,,,IND,10.25,20.0,205,239653
Arshdeep Singh,,,,,,,IND,10.25,20.0,205,239653
Jasprit Bumrah,,,,,,,IND,10.25,20.0,205,239653
David Warner,c Suryakumar Yadav b Arshdeep Singh,6,6,1,0,100,AUS,9.05,20.0,181,239653
Travis Head,c Rohit Sharma b Jasprit Bumrah,76,43,9,4,176.74,AUS,9.05,20.0,181,239653
Mitchell Marsh (c),c Axar Patel b Kuldeep Yadav,37,28,3,2,132.14,AUS,9.05,20.0,181,239653
Glenn Maxwell,b Kuldeep Yadav,20,12,2,1,166.66,AUS,9.05,20.0,181,239653
Marcus Stoinis,c Hardik Pandya b Axar Patel,2,4,0,0,50,AUS,9.05,20.0,181,239653
Tim David,c Jasprit Bumrah b Arshdeep Singh,15,11,1,1,136.36,AUS,9.05,20.0,181,239653
Matthew Wade (wk),c Kuldeep Yadav b Arshdeep Singh,1,2,0,0,50,AUS,9.05,20.0,181,239653
Pat Cummins,not out,11,7,0,1,157.14,AUS,9.05,20.0,181,239653
Mitchell Starc,not out,4,7,0,0,57.14,AUS,9.05,20.0,181,239653
Adam Zampa,,,,,,,AUS,9.05,20.0,181,239653
Josh Hazlewood,,,,,,,AUS,9.05,20.0,181,239653
Rahmanullah Gurbaz (wk),c Soumya Sarkar b Rishad Hossain,43,55,3,1,78.18,AFG,5.75,20.0,115,239654
Ibrahim Zadran,c Tanzim Hasan Sakib b Rishad Hossain,18,29,1,0,62.06,AFG,5.75,20.0,115,239654
Azmatullah Omarzai,c Litton Das b Mustafizur Rahman,10,12,0,0,83.33,AFG,5.75,20.0,115,239654
Gulbadin Naib,c Soumya Sarkar b Rishad Hossain,4,3,1,0,133.33,AFG,5.75,20.0,115,239654
Mohammad Nabi,c Najmul Hossain Shanto b Taskin Ahmed,1,5,0,0,20,AFG,5.75,20.0,115,239654
Karim Janat,not out,7,6,1,0,116.66,AFG,5.75,20.0,115,239654
Rashid Khan (c),not out,19,10,0,3,190,AFG,5.75,20.0,115,239654
Nangeyalia Kharote,,,,,,,AFG,5.75,20.0,115,239654
Noor Ahmad,,,,,,,AFG,5.75,20.0,115,239654
Naveen-Ul-Haq,,,,,,,AFG,5.75,20.0,115,239654
Fazalhaq Farooqi,,,,,,,AFG,5.75,20.0,115,239654
Litton Das (wk),not out,54,49,5,1,110.20,BAN,5.89,17.5,105,239654
Tanzid Hasan,lbw b Fazalhaq Farooqi,0,3,0,0,0,BAN,5.89,17.5,105,239654
Najmul Hossain Shanto (c),c Mohammad Nabi b Naveen-ul-Haq,5,5,1,0,100,BAN,5.89,17.5,105,239654
Shakib Al Hasan,c & b Naveen-ul-Haq,0,1,0,0,0,BAN,5.89,17.5,105,239654
Soumya Sarkar,b Rashid Khan,10,10,1,0,100,BAN,5.89,17.5,105,239654
Towhid Hridoy,c Ibrahim Zadran b Rashid Khan,14,9,2,0,155.55,BAN,5.89,17.5,105,239654
Mahmudullah,c sub Mohammad Ishaq b Rashid Khan,6,9,1,0,66.66,BAN,5.89,17.5,105,239654
Rishad Hossain,b Rashid Khan,0,1,0,0,0,BAN,5.89,17.5,105,239654
Tanzim Hasan Sakib,c Mohammad Nabi b Gulbadin Naib,3,10,0,0,30,BAN,5.89,17.5,105,239654
Taskin Ahmed,b Naveen-ul-Haq,2,9,0,0,22.22,BAN,5.89,17.5,105,239654
Mustafizur Rahman,lbw b Naveen-ul-Haq,0,1,0,0,0,BAN,5.89,17.5,105,239654
Rahmanullah Gurbaz (wk),c Reeza Hendricks b Marco Jansen,0,3,0,0,0,AFG,4.73,11.5,56,239655
Ibrahim Zadran,b Kagiso Rabada,2,5,0,0,40,AFG,4.73,11.5,56,239655
Gulbadin Naib,b Marco Jansen,9,8,2,0,112.50,AFG,4.73,11.5,56,239655
Azmatullah Omarzai,c Tristan Stubbs b Anrich Nortje,10,12,2,0,83.33,AFG,4.73,11.5,56,239655
Mohammad Nabi,b Kagiso Rabada,0,3,0,0,0,AFG,4.73,11.5,56,239655
Nangeyalia Kharote,c Quinton de Kock b Marco Jansen,2,7,0,0,28.57,AFG,4.73,11.5,56,239655
Karim Janat,lbw b Tabraiz Shamsi,8,13,1,0,61.53,AFG,4.73,11.5,56,239655
Rashid Khan (c),b Anrich Nortje,8,8,2,0,100,AFG,4.73,11.5,56,239655
Noor Ahmad,lbw b Tabraiz Shamsi,0,2,0,0,0,AFG,4.73,11.5,56,239655
Naveen-Ul-Haq,lbw b Tabraiz Shamsi,2,8,0,0,25,AFG,4.73,11.5,56,239655
Fazalhaq Farooqi,not out,2,2,0,0,100,AFG,4.73,11.5,56,239655
Quinton De Kock (wk),b Fazalhaq Farooqi,5,8,1,0,62.50,SA,6.79,8.5,60,239655
Reeza Hendricks,not out,29,25,3,1,116,SA,6.79,8.5,60,239655
Aiden Markram (c),not out,23,21,4,0,109.52,SA,6.79,8.5,60,239655
Heinrich Klaasen,,,,,,,SA,6.79,8.5,60,239655
David Miller,,,,,,,SA,6.79,8.5,60,239655
Tristan Stubbs,,,,,,,SA,6.79,8.5,60,239655
Marco Jansen,,,,,,,SA,6.79,8.5,60,239655
Keshav Maharaj,,,,,,,SA,6.79,8.5,60,239655
Kagiso Rabada,,,,,,,SA,6.79,8.5,60,239655
Anrich Nortje,,,,,,,SA,6.79,8.5,60,239655
Tabraiz Shamsi,,,,,,,SA,6.79,8.5,60,239655
Rohit Sharma (c),b Adil Rashid,57,39,6,2,146.15,IND,8.55,20.0,171,239656
Virat Kohli,b Reece Topley,9,9,0,1,100,IND,8.55,20.0,171,239656
Rishabh Pant (wk),c Jonny Bairstow b Sam Curran,4,6,0,0,66.66,IND,8.55,20.0,171,239656
Suryakumar Yadav,c Chris Jordan b Jofra Archer,47,36,4,2,130.55,IND,8.55,20.0,171,239656
Hardik Pandya,c Sam Curran b Chris Jordan,23,13,1,2,176.92,IND,8.55,20.0,171,239656
Ravindra Jadeja,not out,17,9,2,0,188.88,IND,8.55,20.0,171,239656
Shivam Dube,c Jos Buttler b Chris Jordan,0,1,0,0,0,IND,8.55,20.0,171,239656
Axar Patel,c Phil Salt b Chris Jordan,10,6,0,1,166.66,IND,8.55,20.0,171,239656
Arshdeep Singh,not out,1,1,0,0,100,IND,8.55,20.0,171,239656
Kuldeep Yadav,,,,,,,IND,8.55,20.0,171,239656
Jasprit Bumrah,,,,,,,IND,8.55,20.0,171,239656
Phil Salt,b Jasprit Bumrah,5,8,0,0,62.50,ENG,6.18,16.4,103,239656
Jos Buttler (c) (wk),c Rishabh Pant b Axar Patel,23,15,4,0,153.33,ENG,6.18,16.4,103,239656
Moeen Ali,st Rishabh Pant b Axar Patel,8,10,0,0,80,ENG,6.18,16.4,103,239656
Jonny Bairstow,b Axar Patel,0,3,0,0,0,ENG,6.18,16.4,103,239656
Harry Brook,b Kuldeep Yadav,25,19,3,0,131.57,ENG,6.18,16.4,103,239656
Sam Curran,lbw b Kuldeep Yadav,2,4,0,0,50,ENG,6.18,16.4,103,239656
Liam Livingstone,run out (Kuldeep Yadav / Axar Patel),11,16,0,0,68.75,ENG,6.18,16.4,103,239656
Chris Jordan,lbw b Kuldeep Yadav,1,5,0,0,20,ENG,6.18,16.4,103,239656
Jofra Archer,lbw b Jasprit Bumrah,21,15,1,2,140,ENG,6.18,16.4,103,239656
Adil Rashid,run out (Suryakumar Yadav),2,2,0,0,100,ENG,6.18,16.4,103,239656
Reece Topley,not out,3,3,0,0,100,ENG,6.18,16.4,103,239656
Rohit Sharma (c),c Heinrich Klaasen b Keshav Maharaj,9,5,2,0,180,IND,8.80,20.0,176,239657
Virat Kohli,c Kagiso Rabada b Marco Jansen,76,59,6,2,128.81,IND,8.80,20.0,176,239657
Rishabh Pant (wk),c Quinton de Kock b Keshav Maharaj,0,2,0,0,0,IND,8.80,20.0,176,239657
Suryakumar Yadav,c Heinrich Klaasen b Kagiso Rabada,3,4,0,0,75,IND,8.80,20.0,176,239657
Axar Patel,run out (Quinton de Kock),47,31,1,4,151.61,IND,8.80,20.0,176,239657
Shivam Dube,c David Miller b Anrich Nortje,27,16,3,1,168.75,IND,8.80,20.0,176,239657
Hardik Pandya,not out,5,2,1,0,250,IND,8.80,20.0,176,239657
Ravindra Jadeja,c Keshav Maharaj b Anrich Nortje,2,2,0,0,100,IND,8.80,20.0,176,239657
Arshdeep Singh,,,,,,,IND,8.80,20.0,176,239657
Kuldeep Yadav,,,,,,,IND,8.80,20.0,176,239657
Jasprit Bumrah,,,,,,,IND,8.80,20.0,176,239657
Reeza Hendricks,b Jasprit Bumrah,4,5,1,0,80,SA,8.45,20.0,169,239657
Quinton De Kock (wk),c Kuldeep Yadav b Arshdeep Singh,39,31,4,1,125.80,SA,8.45,20.0,169,239657
Aiden Markram (c),c Rishabh Pant b Arshdeep Singh,4,5,1,0,80,SA,8.45,20.0,169,239657
Tristan Stubbs,b Axar Patel,31,21,3,1,147.61,SA,8.45,20.0,169,239657
Heinrich Klaasen,c Rishabh Pant b Hardik Pandya,52,27,2,5,192.59,SA,8.45,20.0,169,239657
David Miller,c Suryakumar Yadav b Hardik Pandya,21,17,1,1,123.52,SA,8.45,20.0,169,239657
Marco Jansen,b Jasprit Bumrah,2,4,0,0,50,SA,8.45,20.0,169,239657
Keshav Maharaj,not out,2,7,0,0,28.57,SA,8.45,20.0,169,239657
Kagiso Rabada,c Suryakumar Yadav b Hardik Pandya,4,3,1,0,133.33,SA,8.45,20.0,169,239657
Anrich Nortje,not out,1,1,0,0,100,SA,8.45,20.0,169,239657
Tabraiz Shamsi,,,,,,,SA,8.45,20.0,169,239657
