playerName,playerImage,playerstats,team,flag,teamName
Aaron Johnson,https://images.icc-cricket.com/icc-web/image/upload/t_player-headshot-square/prd/assets/players/6122/96075.png,https://www.icc-cricket.com/tournaments/t20cricketworldcup/teams/12/players/96075/aaron-johnson,CAN,https://assets-icc.sportz.io/static-assets/buildv3-stg/images/teams/12.png?v=7,CANADA
Navneet Dhaliwal,https://images.icc-cricket.com/icc-web/image/upload/t_player-headshot-square/prd/assets/players/6122/65267.png,https://www.icc-cricket.com/tournaments/t20cricketworldcup/teams/12/players/65267/navneet-dhaliwal,CAN,https://assets-icc.sportz.io/static-assets/buildv3-stg/images/teams/12.png?v=7,CANADA
Pargat Singh,https://images.icc-cricket.com/icc-web/image/upload/t_player-headshot-square/prd/assets/players/6122/80359.png,https://www.icc-cricket.com/tournaments/t20cricketworldcup/teams/12/players/80359/pargat-singh,CAN,https://assets-icc.sportz.io/static-assets/buildv3-stg/images/teams/12.png?v=7,CANADA
Nicholas Kirton,https://images.icc-cricket.com/icc-web/image/upload/t_player-headshot-square/prd/assets/players/6122/68433.png,https://www.icc-cricket.com/tournaments/t20cricketworldcup/teams/12/players/68433/nicholas-kirton,CAN,https://assets-icc.sportz.io/static-assets/buildv3-stg/images/teams/12.png?v=7,CANADA
Shreyas Movva (wk),https://images.icc-cricket.com/icc-web/image/upload/t_player-headshot-square/prd/assets/players/6122/73924.png,https://www.icc-cricket.com/tournaments/t20cricketworldcup/teams/12/players/73924/shreyas-movva,CAN,https://assets-icc.sportz.io/static-assets/buildv3-stg/images/teams/12.png?v=7,CANADA
Dilpreet Bajwa,https://images.icc-cricket.com/icc-web/image/upload/t_player-headshot-square/prd/assets/players/6122/98211.png,https://www.icc-cricket.com/tournaments/t20cricketworldcup/teams/12/players/98211/dilpreet-bajwa,CAN,https://assets-icc.sportz.io/static-assets/buildv3-stg/images/teams/12.png?v=7,CANADA
Dilon Heyliger,https://images.icc-cricket.com/icc-web/image/upload/t_player-headshot-square/prd/assets/players/6122/68432.png,https://www.icc-cricket.com/tournaments/t20cricketworldcup/teams/12/players/68432/dilon-heyliger,CAN,https://assets-icc.sportz.io/static-assets/buildv3-stg/images/teams/12.png?v=7,CANADA
Saad Bin Zafar (c),https://images.icc-cricket.com/icc-web/image/upload/t_player-headshot-square/prd/assets/players/6122/40433.png,https://www.icc-cricket.com/tournaments/t20cricketworldcup/teams/12/players/40433/saad-bin-zafar,CAN,https://assets-icc.sportz.io/static-assets/buildv3-stg/images/teams/12.png?v=7,CANADA
Nikhil Dutta,https://images.icc-cricket.com/icc-web/image/upload/t_player-headshot-square/prd/assets/players/6122/63736.png,https://www.icc-cricket.com/tournaments/t20cricketworldcup/teams/12/players/63736/nikhil-dutta,CAN,https://assets-icc.sportz.io/static-assets/buildv3-stg/images/teams/12.png?v=7,CANADA
Kaleem Sana,https://images.icc-cricket.com/icc-web/image/upload/t_player-headshot-square/prd/assets/players/6122/21948.png,https://www.icc-cricket.com/tournaments/t20cricketworldcup/teams/12/players/21948/kaleem-sana,CAN,https://assets-icc.sportz.io/static-assets/buildv3-stg/images/teams/12.png?v=7,CANADA
Jeremy Gordon,https://images.icc-cricket.com/icc-web/image/upload/t_player-headshot-square/prd/assets/players/6122/55230.png,https://www.icc-cricket.com/tournaments/t20cricketworldcup/teams/12/players/55230/jeremy-gordon,CAN,https://assets-icc.sportz.io/static-assets/buildv3-stg/images/teams/12.png?v=7,CANADA
Steven Taylor,https://images.icc-cricket.com/icc-web/image/upload/t_player-headshot-square/prd/assets/players/6122/10154.png,https://www.icc-cricket.com/tournaments/t20cricketworldcup/teams/22/players/10154/steven-taylor,USA,https://assets-icc.sportz.io/static-assets/buildv3-stg/images/teams/22.png?v=7,USA
Monank Patel (c) (wk),https://images.icc-cricket.com/icc-web/image/upload/t_player-headshot-square/prd/assets/players/6122/70336.png,https://www.icc-cricket.com/tournaments/t20cricketworldcup/teams/22/players/70336/monank-patel,USA,https://assets-icc.sportz.io/static-assets/buildv3-stg/images/teams/22.png?v=7,USA
Andries Gous,https://images.icc-cricket.com/icc-web/image/upload/t_player-headshot-square/prd/assets/players/6122/57274.png,https://www.icc-cricket.com/tournaments/t20cricketworldcup/teams/22/players/57274/andries-gous,USA,https://assets-icc.sportz.io/static-assets/buildv3-stg/images/teams/22.png?v=7,USA
Aaron Jones,https://images.icc-cricket.com/icc-web/image/upload/t_player-headshot-square/prd/assets/players/6122/66237.png,https://www.icc-cricket.com/tournaments/t20cricketworldcup/teams/22/players/66237/aaron-jones,USA,https://assets-icc.sportz.io/static-assets/buildv3-stg/images/teams/22.png?v=7,USA
Corey Anderson,https://images.icc-cricket.com/icc-web/image/upload/t_player-headshot-square/prd/assets/players/6122/4332.png,https://www.icc-cricket.com/tournaments/t20cricketworldcup/teams/22/players/4332/corey-anderson,USA,https://assets-icc.sportz.io/static-assets/buildv3-stg/images/teams/22.png?v=7,USA
Nitish Kumar,https://images.icc-cricket.com/icc-web/image/upload/t_player-headshot-square/prd/assets/players/6122/9683.png,https://www.icc-cricket.com/tournaments/t20cricketworldcup/teams/22/players/9683/nitish-kumar,USA,https://assets-icc.sportz.io/static-assets/buildv3-stg/images/teams/22.png?v=7,USA
Harmeet Singh,https://images.icc-cricket.com/icc-web/image/upload/t_player-headshot-square/prd/assets/players/6122/36489.png,https://www.icc-cricket.com/tournaments/t20cricketworldcup/teams/22/players/36489/harmeet-singh,USA,https://assets-icc.sportz.io/static-assets/buildv3-stg/images/teams/22.png?v=7,USA
Shadley Van Schalkwyk,https://images.icc-cricket.com/icc-web/image/upload/t_player-headshot-square/prd/assets/players/6122/9795.png,https://www.icc-cricket.com/tournaments/t20cricketworldcup/teams/22/players/9795/shadley-van-schalkwyk,USA,https://assets-icc.sportz.io/static-assets/buildv3-stg/images/teams/22.png?v=7,USA
Jessy Singh,https://images.icc-cricket.com/icc-web/image/upload/t_player-headshot-square/prd/assets/players/6122/65600.png,https://www.icc-cricket.com/tournaments/t20cricketworldcup/teams/22/players/65600/jessy-singh,USA,https://assets-icc.sportz.io/static-assets/buildv3-stg/images/teams/22.png?v=7,USA
Saurabh Netravalkar,https://images.icc-cricket.com/icc-web/image/upload/t_player-headshot-square/prd/assets/players/6122/63509.png,https://www.icc-cricket.com/tournaments/t20cricketworldcup/teams/22/players/63509/saurabh-netravalkar,USA,https://assets-icc.sportz.io/static-assets/buildv3-stg/images/teams/22.png?v=7,USA
Ali Khan,https://images.icc-cricket.com/icc-web/image/upload/t_player-headshot-square/prd/assets/players/6122/66244.png,https://www.icc-cricket.com/tournaments/t20cricketworldcup/teams/22/players/66244/ali-khan,USA,https://assets-icc.sportz.io/static-assets/buildv3-stg/images/teams/22.png?v=7,USA
Tony Ura,https://images.icc-cricket.com/icc-web/image/upload/t_player-headshot-square/prd/assets/players/6122/4434.png,https://www.icc-cricket.com/tournaments/t20cricketworldcup/teams/750/players/4434/tony-ura,PNG,https://assets-icc.sportz.io/static-assets/buildv3-stg/images/teams/750.png?v=7,PAPUA NEW GUINEA
Assad Vala (c),https://images.icc-cricket.com/icc-web/image/upload/t_player-headshot-square/prd/assets/players/6122/58613.png,https://www.icc-cricket.com/tournaments/t20cricketworldcup/teams/750/players/58613/assad-vala,PNG,https://assets-icc.sportz.io/static-assets/buildv3-stg/images/teams/750.png?v=7,PAPUA NEW GUINEA
Lega Siaka,https://images.icc-cricket.com/icc-web/image/upload/t_player-headshot-square/prd/assets/players/6122/60058.png,https://www.icc-cricket.com/tournaments/t20cricketworldcup/teams/750/players/60058/lega-siaka,PNG,https://assets-icc.sportz.io/static-assets/buildv3-stg/images/teams/750.png?v=7,PAPUA NEW GUINEA
Sese Bau,https://images.icc-cricket.com/icc-web/image/upload/t_player-headshot-square/prd/assets/players/6122/61329.png,https://www.icc-cricket.com/tournaments/t20cricketworldcup/teams/750/players/61329/sese-bau,PNG,https://assets-icc.sportz.io/static-assets/buildv3-stg/images/teams/750.png?v=7,PAPUA NEW GUINEA
Hiri Hiri,https://images.icc-cricket.com/icc-web/image/upload/t_player-headshot-square/prd/assets/players/6122/64609.png,https://www.icc-cricket.com/tournaments/t20cricketworldcup/teams/750/players/64609/hiri-hiri,PNG,https://assets-icc.sportz.io/static-assets/buildv3-stg/images/teams/750.png?v=7,PAPUA NEW GUINEA
Charles Amini,https://images.icc-cricket.com/icc-web/image/upload/t_player-headshot-square/prd/assets/players/6122/4412.png,https://www.icc-cricket.com/tournaments/t20cricketworldcup/teams/750/players/4412/charles-amini,PNG,https://assets-icc.sportz.io/static-assets/buildv3-stg/images/teams/750.png?v=7,PAPUA NEW GUINEA
Kiplin Doriga (wk),https://images.icc-cricket.com/icc-web/image/upload/t_player-headshot-square/prd/assets/players/6122/64604.png,https://www.icc-cricket.com/tournaments/t20cricketworldcup/teams/750/players/64604/kipling-doriga,PNG,https://assets-icc.sportz.io/static-assets/buildv3-stg/images/teams/750.png?v=7,PAPUA NEW GUINEA
Chad Soper,https://images.icc-cricket.com/icc-web/image/upload/t_player-headshot-square/prd/assets/players/6122/63207.png,https://www.icc-cricket.com/tournaments/t20cricketworldcup/teams/750/players/63207/chad-soper,PNG,https://assets-icc.sportz.io/static-assets/buildv3-stg/images/teams/750.png?v=7,PAPUA NEW GUINEA
Alei Nao,https://images.icc-cricket.com/icc-web/image/upload/t_player-headshot-square/prd/assets/players/6122/63123.png,https://www.icc-cricket.com/tournaments/t20cricketworldcup/teams/750/players/63123/alei-nao,PNG,https://assets-icc.sportz.io/static-assets/buildv3-stg/images/teams/750.png?v=7,PAPUA NEW GUINEA
Kabua Morea,https://images.icc-cricket.com/icc-web/image/upload/t_player-headshot-square/prd/assets/players/6122/63135.png,https://www.icc-cricket.com/tournaments/t20cricketworldcup/teams/750/players/63135/kabua-morea,PNG,https://assets-icc.sportz.io/static-assets/buildv3-stg/images/teams/750.png?v=7,PAPUA NEW GUINEA
John Kariko,https://images.icc-cricket.com/icc-web/image/upload/t_player-headshot-square/prd/assets/players/6122/90885.png,https://www.icc-cricket.com/tournaments/t20cricketworldcup/teams/750/players/90885/john-kariko,PNG,https://assets-icc.sportz.io/static-assets/buildv3-stg/images/teams/750.png?v=7,PAPUA NEW GUINEA
Brandon King,https://images.icc-cricket.com/icc-web/image/upload/t_player-headshot-square/prd/assets/players/6122/64543.png,https://www.icc-cricket.com/rankings/64543/brandon-king,WI,https://assets-icc.sportz.io/static-assets/buildv3-stg/images/teams/9.png?v=7,WEST INDIES
Johnson Charles,https://images.icc-cricket.com/icc-web/image/upload/t_player-headshot-square/prd/assets/players/6122/25890.png,https://www.icc-cricket.com/tournaments/t20cricketworldcup/teams/9/players/25890/johnson-charles,WI,https://assets-icc.sportz.io/static-assets/buildv3-stg/images/teams/9.png?v=7,WEST INDIES
Nicholas Pooran (wk),https://images.icc-cricket.com/icc-web/image/upload/t_player-headshot-square/prd/assets/players/6122/63726.png,https://www.icc-cricket.com/tournaments/t20cricketworldcup/teams/9/players/63726/nicholas-pooran,WI,https://assets-icc.sportz.io/static-assets/buildv3-stg/images/teams/9.png?v=7,WEST INDIES
Roston Chase,https://images.icc-cricket.com/icc-web/image/upload/t_player-headshot-square/prd/assets/players/6122/58071.png,https://www.icc-cricket.com/tournaments/t20cricketworldcup/teams/9/players/58071/roston-chase,WI,https://assets-icc.sportz.io/static-assets/buildv3-stg/images/teams/9.png?v=7,WEST INDIES
Rovman Powell (c),https://images.icc-cricket.com/icc-web/image/upload/t_player-headshot-square/prd/assets/players/6122/65291.png,https://www.icc-cricket.com/tournaments/t20cricketworldcup/teams/9/players/65291/rovman-powell,WI,https://assets-icc.sportz.io/static-assets/buildv3-stg/images/teams/9.png?v=7,WEST INDIES
Sherfane Rutherford,https://images.icc-cricket.com/icc-web/image/upload/t_player-headshot-square/prd/assets/players/6122/67285.png,https://www.icc-cricket.com/tournaments/t20cricketworldcup/teams/9/players/67285/sherfane-rutherford,WI,https://assets-icc.sportz.io/static-assets/buildv3-stg/images/teams/9.png?v=7,WEST INDIES
Andre Russell,https://images.icc-cricket.com/icc-web/image/upload/t_player-headshot-square/prd/assets/players/6122/12047.png,https://www.icc-cricket.com/tournaments/t20cricketworldcup/teams/9/players/12047/andre-russell,WI,https://assets-icc.sportz.io/static-assets/buildv3-stg/images/teams/9.png?v=7,WEST INDIES
Romario Shepherd,https://images.icc-cricket.com/icc-web/image/upload/t_player-headshot-square/prd/assets/players/6122/66243.png,https://www.icc-cricket.com/tournaments/t20cricketworldcup/teams/9/players/66243/romario-shepherd,WI,https://assets-icc.sportz.io/static-assets/buildv3-stg/images/teams/9.png?v=7,WEST INDIES
Akeal Hosein,https://images.icc-cricket.com/icc-web/image/upload/t_player-headshot-square/prd/assets/players/6122/57239.png,https://www.icc-cricket.com/tournaments/t20cricketworldcup/teams/9/players/57239/akeal-hosein,WI,https://assets-icc.sportz.io/static-assets/buildv3-stg/images/teams/9.png?v=7,WEST INDIES
Alzarri Joseph,https://images.icc-cricket.com/icc-web/image/upload/t_player-headshot-square/prd/assets/players/6122/64264.png,https://www.icc-cricket.com/tournaments/t20cricketworldcup/teams/9/players/64264/alzarri-joseph,WI,https://assets-icc.sportz.io/static-assets/buildv3-stg/images/teams/9.png?v=7,WEST INDIES
Gudakesh Motie,https://images.icc-cricket.com/icc-web/image/upload/t_player-headshot-square/prd/assets/players/6122/64262.png,https://www.icc-cricket.com/tournaments/t20cricketworldcup/teams/9/players/64262/gudakesh-motie,WI,https://assets-icc.sportz.io/static-assets/buildv3-stg/images/teams/9.png?v=7,WEST INDIES
Kashyap Prajapati,https://images.icc-cricket.com/icc-web/image/upload/t_player-headshot-square/prd/assets/players/6122/87546.png,https://www.icc-cricket.com/tournaments/t20cricketworldcup/teams/28/players/87546/kashyap-prajapati,OMA,https://assets-icc.sportz.io/static-assets/buildv3-stg/images/teams/28.png?v=7,OMAN
Naseem Khushi (wk),https://images.icc-cricket.com/icc-web/image/upload/t_player-headshot-square/prd/assets/players/6122/66878.png,https://www.icc-cricket.com/tournaments/t20cricketworldcup/teams/28/players/66878/naseem-khushi,OMA,https://assets-icc.sportz.io/static-assets/buildv3-stg/images/teams/28.png?v=7,OMAN
Aqib Ilyas (c),https://images.icc-cricket.com/icc-web/image/upload/t_player-headshot-square/prd/assets/players/6122/66873.png,https://www.icc-cricket.com/tournaments/t20cricketworldcup/teams/28/players/66873/aqib-ilyas,OMA,https://assets-icc.sportz.io/static-assets/buildv3-stg/images/teams/28.png?v=7,OMAN
Zeeshan Maqsood,https://images.icc-cricket.com/icc-web/image/upload/t_player-headshot-square/prd/assets/players/6122/65594.png,https://www.icc-cricket.com/tournaments/t20cricketworldcup/teams/28/players/65594/zeeshan-maqsood,OMA,https://assets-icc.sportz.io/static-assets/buildv3-stg/images/teams/28.png?v=7,OMAN
Khalid Kail,https://images.icc-cricket.com/icc-web/image/upload/t_player-headshot-square/prd/assets/players/6122/87543.png,https://www.icc-cricket.com/tournaments/t20cricketworldcup/teams/28/players/87543/khalid-kail,OMA,https://assets-icc.sportz.io/static-assets/buildv3-stg/images/teams/28.png?v=7,OMAN
Ayaan Khan,https://images.icc-cricket.com/icc-web/image/upload/t_player-headshot-square/prd/assets/players/6122/65943.png,https://www.icc-cricket.com/tournaments/t20cricketworldcup/teams/28/players/65943/ayaan-khan,OMA,https://assets-icc.sportz.io/static-assets/buildv3-stg/images/teams/28.png?v=7,OMAN
Mohammad Nadeem,https://images.icc-cricket.com/icc-web/image/upload/t_player-headshot-square/prd/assets/players/6122/26709.png,https://www.icc-cricket.com/tournaments/t20cricketworldcup/teams/28/players/26709/mohammad-nadeem,OMA,https://assets-icc.sportz.io/static-assets/buildv3-stg/images/teams/28.png?v=7,OMAN
Mehran Khan,https://images.icc-cricket.com/icc-web/image/upload/t_player-headshot-square/prd/assets/players/6122/65603.png,https://www.icc-cricket.com/tournaments/t20cricketworldcup/teams/28/players/65603/mehran-khan,OMA,https://assets-icc.sportz.io/static-assets/buildv3-stg/images/teams/28.png?v=7,OMAN
Shakeel Ahmed,https://images.icc-cricket.com/icc-web/image/upload/t_player-headshot-square/prd/assets/players/6122/90742.png,https://www.icc-cricket.com/tournaments/t20cricketworldcup/teams/28/players/90742/shakeel-ahmad,OMA,https://assets-icc.sportz.io/static-assets/buildv3-stg/images/teams/28.png?v=7,OMAN
Kaleemullah,https://images.icc-cricket.com/icc-web/image/upload/t_player-headshot-square/prd/assets/players/6122/66876.png,https://www.icc-cricket.com/tournaments/t20cricketworldcup/teams/28/players/66876/kaleemullah,OMA,https://assets-icc.sportz.io/static-assets/buildv3-stg/images/teams/28.png?v=7,OMAN
Bilal Khan,https://images.icc-cricket.com/icc-web/image/upload/t_player-headshot-square/prd/assets/players/6122/28370.png,https://www.icc-cricket.com/tournaments/t20cricketworldcup/teams/28/players/28370/bilal-khan,OMA,https://assets-icc.sportz.io/static-assets/buildv3-stg/images/teams/28.png?v=7,OMAN
Michael Van Lingen,https://images.icc-cricket.com/icc-web/image/upload/t_player-headshot-square/prd/assets/players/6122/65992.png,https://www.icc-cricket.com/tournaments/t20cricketworldcup/teams/20/players/65992/michael-van-lingen,NAM,https://assets-icc.sportz.io/static-assets/buildv3-stg/images/teams/20.png?v=7,NAMIBIA
Nikolaas Davin,https://images.icc-cricket.com/icc-web/image/upload/t_player-headshot-square/prd/assets/players/6122/65757.png,https://www.icc-cricket.com/tournaments/t20cricketworldcup/teams/20/players/65757/niko-davin,NAM,https://assets-icc.sportz.io/static-assets/buildv3-stg/images/teams/20.png?v=7,NAMIBIA
Jan Frylinck,https://images.icc-cricket.com/icc-web/image/upload/t_player-headshot-square/prd/assets/players/6122/57688.png,https://www.icc-cricket.com/tournaments/t20cricketworldcup/teams/20/players/57688/jan-frylinck,NAM,https://assets-icc.sportz.io/static-assets/buildv3-stg/images/teams/20.png?v=7,NAMIBIA
Gerhard Erasmus (c),https://images.icc-cricket.com/icc-web/image/upload/t_player-headshot-square/prd/assets/players/6122/57890.png,https://www.icc-cricket.com/tournaments/t20cricketworldcup/teams/20/players/57890/merwe-erasmus,NAM,https://assets-icc.sportz.io/static-assets/buildv3-stg/images/teams/20.png?v=7,NAMIBIA
JJ Smit,https://images.icc-cricket.com/icc-web/image/upload/t_player-headshot-square/prd/assets/players/6122/57715.png,https://www.icc-cricket.com/tournaments/t20cricketworldcup/teams/20/players/57715/jj-smit,NAM,https://assets-icc.sportz.io/static-assets/buildv3-stg/images/teams/20.png?v=7,NAMIBIA
David Wiese,https://images.icc-cricket.com/icc-web/image/upload/t_player-headshot-square/prd/assets/players/6122/45853.png,https://www.icc-cricket.com/tournaments/t20cricketworldcup/teams/20/players/45853/david-wiese,NAM,https://assets-icc.sportz.io/static-assets/buildv3-stg/images/teams/20.png?v=7,NAMIBIA
Zane Green (wk),https://images.icc-cricket.com/icc-web/image/upload/t_player-headshot-square/prd/assets/players/6122/64234.png,https://www.icc-cricket.com/tournaments/t20cricketworldcup/teams/20/players/64234/zane-green,NAM,https://assets-icc.sportz.io/static-assets/buildv3-stg/images/teams/20.png?v=7,NAMIBIA
Malan Kruger,https://images.icc-cricket.com/icc-web/image/upload/t_player-headshot-square/prd/assets/players/6122/63175.png,https://www.icc-cricket.com/tournaments/t20cricketworldcup/teams/20/players/63175/malan-kruger,NAM,https://assets-icc.sportz.io/static-assets/buildv3-stg/images/teams/20.png?v=7,NAMIBIA
Ruben Trumpelmann,https://images.icc-cricket.com/icc-web/image/upload/t_player-headshot-square/prd/assets/players/6122/67897.png,https://www.icc-cricket.com/tournaments/t20cricketworldcup/teams/20/players/67897/ruben-trumpelmann,NAM,https://assets-icc.sportz.io/static-assets/buildv3-stg/images/teams/20.png?v=7,NAMIBIA
Bernard Scholtz,https://images.icc-cricket.com/icc-web/image/upload/t_player-headshot-square/prd/assets/players/6122/59032.png,https://www.icc-cricket.com/tournaments/t20cricketworldcup/teams/20/players/59032/bernard-scholtz,NAM,https://assets-icc.sportz.io/static-assets/buildv3-stg/images/teams/20.png?v=7,NAMIBIA
Tangeni Lungameni,https://images.icc-cricket.com/icc-web/image/upload/t_player-headshot-square/prd/assets/players/6122/66039.png,https://www.icc-cricket.com/tournaments/t20cricketworldcup/teams/20/players/66039/tangeni-lungamene,NAM,https://assets-icc.sportz.io/static-assets/buildv3-stg/images/teams/20.png?v=7,NAMIBIA
Pathum Nissanka,https://images.icc-cricket.com/icc-web/image/upload/t_player-headshot-square/prd/assets/players/6122/66368.png,https://www.icc-cricket.com/tournaments/t20cricketworldcup/teams/8/players/66368/pathum-nissanka,SL,https://assets-icc.sportz.io/static-assets/buildv3-stg/images/teams/8.png?v=7,SRI LANKA
Kusal Mendis (wk),https://images.icc-cricket.com/icc-web/image/upload/t_player-headshot-square/prd/assets/players/6122/63882.png,https://www.icc-cricket.com/tournaments/t20cricketworldcup/teams/8/players/63882/kusal-mendis,SL,https://assets-icc.sportz.io/static-assets/buildv3-stg/images/teams/8.png?v=7,SRI LANKA
Kamindu Mendis,https://images.icc-cricket.com/icc-web/image/upload/t_player-headshot-square/prd/assets/players/6122/65034.png,https://www.icc-cricket.com/tournaments/t20cricketworldcup/teams/8/players/65034/kamindu-mendis,SL,https://assets-icc.sportz.io/static-assets/buildv3-stg/images/teams/8.png?v=7,SRI LANKA
Wanindu Hasaranga (c),https://images.icc-cricket.com/icc-web/image/upload/t_player-headshot-square/prd/assets/players/6122/65027.png,https://www.icc-cricket.com/tournaments/t20cricketworldcup/teams/8/players/65027/wanindu-hasaranga,SL,https://assets-icc.sportz.io/static-assets/buildv3-stg/images/teams/8.png?v=7,SRI LANKA
Sadeera Samarawickrama,https://images.icc-cricket.com/icc-web/image/upload/t_player-headshot-square/prd/assets/players/6122/63897.png,https://www.icc-cricket.com/tournaments/t20cricketworldcup/teams/8/players/63897/sadeera-samarawickrama,SL,https://assets-icc.sportz.io/static-assets/buildv3-stg/images/teams/8.png?v=7,SRI LANKA
Charith Asalanka,https://images.icc-cricket.com/icc-web/image/upload/t_player-headshot-square/prd/assets/players/6122/65038.png,https://www.icc-cricket.com/tournaments/t20cricketworldcup/teams/8/players/65038/charith-asalanka,SL,https://assets-icc.sportz.io/static-assets/buildv3-stg/images/teams/8.png?v=7,SRI LANKA
Angelo Mathews,https://images.icc-cricket.com/icc-web/image/upload/t_player-headshot-square/prd/assets/players/6122/5244.png,https://www.icc-cricket.com/tournaments/t20cricketworldcup/teams/8/players/5244/angelo-mathews,SL,https://assets-icc.sportz.io/static-assets/buildv3-stg/images/teams/8.png?v=7,SRI LANKA
Dasun Shanaka,https://images.icc-cricket.com/icc-web/image/upload/t_player-headshot-square/prd/assets/players/6122/59067.png,https://www.icc-cricket.com/tournaments/t20cricketworldcup/teams/8/players/59067/dasun-shanaka,SL,https://assets-icc.sportz.io/static-assets/buildv3-stg/images/teams/8.png?v=7,SRI LANKA
Maheesh Theekshana,https://images.icc-cricket.com/icc-web/image/upload/t_player-headshot-square/prd/assets/players/6122/69274.png,https://www.icc-cricket.com/tournaments/t20cricketworldcup/teams/8/players/69274/maheesh-theekshana,SL,https://assets-icc.sportz.io/static-assets/buildv3-stg/images/teams/8.png?v=7,SRI LANKA
Matheesha Pathirana,https://images.icc-cricket.com/icc-web/image/upload/t_player-headshot-square/prd/assets/players/6122/73830.png,https://www.icc-cricket.com/tournaments/t20cricketworldcup/teams/8/players/73830/matheesha-pathirana,SL,https://assets-icc.sportz.io/static-assets/buildv3-stg/images/teams/8.png?v=7,SRI LANKA
Nuwan Thushara,https://images.icc-cricket.com/icc-web/image/upload/t_player-headshot-square/prd/assets/players/6122/66158.png,https://www.icc-cricket.com/tournaments/t20cricketworldcup/teams/8/players/66158/nuwan-thushara,SL,https://assets-icc.sportz.io/static-assets/buildv3-stg/images/teams/8.png?v=7,SRI LANKA
Quinton De Kock (wk),https://images.icc-cricket.com/icc-web/image/upload/t_player-headshot-square/prd/assets/players/6122/28035.png,https://www.icc-cricket.com/tournaments/t20cricketworldcup/teams/7/players/28035/quinton-de-kock,SA,https://assets-icc.sportz.io/static-assets/buildv3-stg/images/teams/7.png?v=7,SOUTH AFRICA
Reeza Hendricks,https://images.icc-cricket.com/icc-web/image/upload/t_player-headshot-square/prd/assets/players/6122/4356.png,https://www.icc-cricket.com/tournaments/t20cricketworldcup/teams/7/players/4356/reeza-hendricks,SA,https://assets-icc.sportz.io/static-assets/buildv3-stg/images/teams/7.png?v=7,SOUTH AFRICA
Aiden Markram (c),https://images.icc-cricket.com/icc-web/image/upload/t_player-headshot-square/prd/assets/players/6122/64219.png,https://www.icc-cricket.com/tournaments/t20cricketworldcup/teams/7/players/64219/aiden-markram,SA,https://assets-icc.sportz.io/static-assets/buildv3-stg/images/teams/7.png?v=7,SOUTH AFRICA
Tristan Stubbs,https://images.icc-cricket.com/icc-web/image/upload/t_player-headshot-square/prd/assets/players/6122/74761.png,https://www.icc-cricket.com/tournaments/t20cricketworldcup/teams/7/players/74761/tristan-stubbs,SA,https://assets-icc.sportz.io/static-assets/buildv3-stg/images/teams/7.png?v=7,SOUTH AFRICA
Heinrich Klaasen,https://images.icc-cricket.com/icc-web/image/upload/t_player-headshot-square/prd/assets/players/6122/59736.png,https://www.icc-cricket.com/tournaments/t20cricketworldcup/teams/7/players/59736/heinrich-klaasen,SA,https://assets-icc.sportz.io/static-assets/buildv3-stg/images/teams/7.png?v=7,SOUTH AFRICA
David Miller,https://images.icc-cricket.com/icc-web/image/upload/t_player-headshot-square/prd/assets/players/6122/5313.png,https://www.icc-cricket.com/tournaments/t20cricketworldcup/teams/7/players/5313/david-miller,SA,https://assets-icc.sportz.io/static-assets/buildv3-stg/images/teams/7.png?v=7,SOUTH AFRICA
Marco Jansen,https://images.icc-cricket.com/icc-web/image/upload/t_player-headshot-square/prd/assets/players/6122/69409.png,https://www.icc-cricket.com/tournaments/t20cricketworldcup/teams/7/players/69409/marco-jansen,SA,https://assets-icc.sportz.io/static-assets/buildv3-stg/images/teams/7.png?v=7,SOUTH AFRICA
Keshav Maharaj,https://images.icc-cricket.com/icc-web/image/upload/t_player-headshot-square/prd/assets/players/6122/48607.png,https://www.icc-cricket.com/tournaments/t20cricketworldcup/teams/7/players/48607/keshav-maharaj,SA,https://assets-icc.sportz.io/static-assets/buildv3-stg/images/teams/7.png?v=7,SOUTH AFRICA
Kagiso Rabada,https://images.icc-cricket.com/icc-web/image/upload/t_player-headshot-square/prd/assets/players/6122/63611.png,https://www.icc-cricket.com/tournaments/t20cricketworldcup/teams/7/players/63611/kagiso-rabada,SA,https://assets-icc.sportz.io/static-assets/buildv3-stg/images/teams/7.png?v=7,SOUTH AFRICA
Anrich Nortje,https://images.icc-cricket.com/icc-web/image/upload/t_player-headshot-square/prd/assets/players/6122/63641.png,https://www.icc-cricket.com/tournaments/t20cricketworldcup/teams/7/players/63641/anrich-nortje,SA,https://assets-icc.sportz.io/static-assets/buildv3-stg/images/teams/7.png?v=7,SOUTH AFRICA
Ottneil Baartman,https://images.icc-cricket.com/icc-web/image/upload/t_player-headshot-square/prd/assets/players/6122/65089.png,https://www.icc-cricket.com/tournaments/t20cricketworldcup/teams/7/players/65089/ottneil-baartman,SA,https://assets-icc.sportz.io/static-assets/buildv3-stg/images/teams/7.png?v=7,SOUTH AFRICA
Rahmanullah Gurbaz (wk),https://images.icc-cricket.com/icc-web/image/upload/t_player-headshot-square/prd/assets/players/6122/68027.png,https://www.icc-cricket.com/tournaments/t20cricketworldcup/teams/1188/players/68027/rahmanullah-gurbaz,AFG,https://assets-icc.sportz.io/static-assets/buildv3-stg/images/teams/1188.png?v=7,AFGHANISTAN
Ibrahim Zadran,https://images.icc-cricket.com/icc-web/image/upload/t_player-headshot-square/prd/assets/players/6122/67519.png,https://www.icc-cricket.com/tournaments/t20cricketworldcup/teams/1188/players/67519/ibrahim-zadran,AFG,https://assets-icc.sportz.io/static-assets/buildv3-stg/images/teams/1188.png?v=7,AFGHANISTAN
Najibullah Zadran,https://images.icc-cricket.com/icc-web/image/upload/t_player-headshot-square/prd/assets/players/6122/57991.png,https://www.icc-cricket.com/tournaments/t20cricketworldcup/teams/1188/players/57991/najibullah-zadran,AFG,https://assets-icc.sportz.io/static-assets/buildv3-stg/images/teams/1188.png?v=7,AFGHANISTAN
Mohammad Nabi,https://images.icc-cricket.com/icc-web/image/upload/t_player-headshot-square/prd/assets/players/6122/7797.png,https://www.icc-cricket.com/tournaments/t20cricketworldcup/teams/1188/players/7797/mohammad-nabi,AFG,https://assets-icc.sportz.io/static-assets/buildv3-stg/images/teams/1188.png?v=7,AFGHANISTAN
Gulbadin Naib,https://images.icc-cricket.com/icc-web/image/upload/t_player-headshot-square/prd/assets/players/6122/56961.png,https://www.icc-cricket.com/tournaments/t20cricketworldcup/teams/1188/players/56961/gulbadin-naib,AFG,https://assets-icc.sportz.io/static-assets/buildv3-stg/images/teams/1188.png?v=7,AFGHANISTAN
Azmatullah Omarzai,https://images.icc-cricket.com/icc-web/image/upload/t_player-headshot-square/prd/assets/players/6122/67516.png,https://www.icc-cricket.com/tournaments/t20cricketworldcup/teams/1188/players/67516/azmatullah-omarzai,AFG,https://assets-icc.sportz.io/static-assets/buildv3-stg/images/teams/1188.png?v=7,AFGHANISTAN
Rashid Khan (c),https://images.icc-cricket.com/icc-web/image/upload/t_player-headshot-square/prd/assets/players/6122/65748.png,https://www.icc-cricket.com/tournaments/t20cricketworldcup/teams/1188/players/65748/rashid-khan,AFG,https://assets-icc.sportz.io/static-assets/buildv3-stg/images/teams/1188.png?v=7,AFGHANISTAN
Karim Janat,https://images.icc-cricket.com/icc-web/image/upload/t_player-headshot-square/prd/assets/players/6122/65875.png,https://www.icc-cricket.com/tournaments/t20cricketworldcup/teams/1188/players/65875/karim-janat,AFG,https://assets-icc.sportz.io/static-assets/buildv3-stg/images/teams/1188.png?v=7,AFGHANISTAN
Mujeeb Ur Rahman,https://images.icc-cricket.com/icc-web/image/upload/t_player-headshot-square/prd/assets/players/6122/67540.png,https://www.icc-cricket.com/rankings/67540/mujeeb-ur-rahman,AFG,https://assets-icc.sportz.io/static-assets/buildv3-stg/images/teams/1188.png?v=7,AFGHANISTAN
Naveen-Ul-Haq,https://images.icc-cricket.com/icc-web/image/upload/t_player-headshot-square/prd/assets/players/6122/65876.png,https://www.icc-cricket.com/tournaments/t20cricketworldcup/teams/1188/players/65876/naveen-ul-haq,AFG,https://assets-icc.sportz.io/static-assets/buildv3-stg/images/teams/1188.png?v=7,AFGHANISTAN
Fazalhaq Farooqi,https://images.icc-cricket.com/icc-web/image/upload/t_player-headshot-square/prd/assets/players/6122/67927.png,https://www.icc-cricket.com/tournaments/t20cricketworldcup/teams/1188/players/67927/fazalhaq-farooqi,AFG,https://assets-icc.sportz.io/static-assets/buildv3-stg/images/teams/1188.png?v=7,AFGHANISTAN
Ronak Patel,https://images.icc-cricket.com/icc-web/image/upload/t_player-headshot-square/prd/assets/players/6122/74205.png,https://www.icc-cricket.com/tournaments/t20cricketworldcup/teams/29/players/74205/ronak-patel,UGA,https://assets-icc.sportz.io/static-assets/buildv3-stg/images/teams/29.png?v=7,UGANDA
Simon Ssesazi (wk),https://images.icc-cricket.com/icc-web/image/upload/t_player-headshot-square/prd/assets/players/6122/85104.png,https://www.icc-cricket.com/tournaments/t20cricketworldcup/teams/29/players/85104/simon-ssesazi,UGA,https://assets-icc.sportz.io/static-assets/buildv3-stg/images/teams/29.png?v=7,UGANDA
Roger Mukasa,https://images.icc-cricket.com/icc-web/image/upload/t_player-headshot-square/prd/assets/players/6122/7778.png,https://www.icc-cricket.com/tournaments/t20cricketworldcup/teams/29/players/7778/roger-mukasa,UGA,https://assets-icc.sportz.io/static-assets/buildv3-stg/images/teams/29.png?v=7,UGANDA
Riazat Ali Shah,https://images.icc-cricket.com/icc-web/image/upload/t_player-headshot-square/prd/assets/players/6122/69983.png,https://www.icc-cricket.com/tournaments/t20cricketworldcup/teams/29/players/69983/riazat-ali-shah,UGA,https://assets-icc.sportz.io/static-assets/buildv3-stg/images/teams/29.png?v=7,UGANDA
Dinesh Nakrani,https://images.icc-cricket.com/icc-web/image/upload/t_player-headshot-square/prd/assets/players/6122/64770.png,https://www.icc-cricket.com/tournaments/t20cricketworldcup/teams/29/players/64770/dinesh-nakrani,UGA,https://assets-icc.sportz.io/static-assets/buildv3-stg/images/teams/29.png?v=7,UGANDA
Alpesh Ramjani,https://images.icc-cricket.com/icc-web/image/upload/t_player-headshot-square/prd/assets/players/6122/68495.png,https://www.icc-cricket.com/tournaments/t20cricketworldcup/teams/29/players/68495/alpesh-ramjani,UGA,https://assets-icc.sportz.io/static-assets/buildv3-stg/images/teams/29.png?v=7,UGANDA
Robinson Obuya,https://images.icc-cricket.com/icc-web/image/upload/t_player-headshot-square/prd/assets/players/6122/74214.png,https://www.icc-cricket.com/tournaments/t20cricketworldcup/teams/29/players/74214/robinson-obuya,UGA,https://assets-icc.sportz.io/static-assets/buildv3-stg/images/teams/29.png?v=7,UGANDA
Brian Masaba (c),https://images.icc-cricket.com/icc-web/image/upload/t_player-headshot-square/prd/assets/players/6122/59037.png,https://www.icc-cricket.com/tournaments/t20cricketworldcup/teams/29/players/59037/brian-masaba,UGA,https://assets-icc.sportz.io/static-assets/buildv3-stg/images/teams/29.png?v=7,UGANDA
Bilal Hassan,https://images.icc-cricket.com/icc-web/image/upload/t_player-headshot-square/prd/assets/players/6122/69981.png,https://www.icc-cricket.com/tournaments/t20cricketworldcup/teams/29/players/69981/bilal-hassan,UGA,https://assets-icc.sportz.io/static-assets/buildv3-stg/images/teams/29.png?v=7,UGANDA
Cosmas Kyewuta,https://images.icc-cricket.com/icc-web/image/upload/t_player-headshot-square/prd/assets/players/6122/85103.png,https://www.icc-cricket.com/tournaments/t20cricketworldcup/teams/29/players/85103/cosmas-kyewuta,UGA,https://assets-icc.sportz.io/static-assets/buildv3-stg/images/teams/29.png?v=7,UGANDA
Henry Ssenyondo,https://images.icc-cricket.com/icc-web/image/upload/t_player-headshot-square/prd/assets/players/6122/59769.png,https://www.icc-cricket.com/tournaments/t20cricketworldcup/teams/29/players/59769/henry-ssenyondo,UGA,https://assets-icc.sportz.io/static-assets/buildv3-stg/images/teams/29.png?v=7,UGANDA
Kushal Bhurtel,https://images.icc-cricket.com/icc-web/image/upload/t_player-headshot-square/prd/assets/players/6122/66128.png,https://www.icc-cricket.com/tournaments/t20cricketworldcup/teams/637/players/66128/kushal-bhurtel,NEP,https://assets-icc.sportz.io/static-assets/buildv3-stg/images/teams/637.png?v=7,NEPAL
Aasif Sheikh (wk),https://images.icc-cricket.com/icc-web/image/upload/t_player-headshot-square/prd/assets/players/6122/67193.png,https://www.icc-cricket.com/tournaments/t20cricketworldcup/teams/637/players/67193/aasif-sheikh,NEP,https://assets-icc.sportz.io/static-assets/buildv3-stg/images/teams/637.png?v=7,NEPAL
Anil Sah,https://images.icc-cricket.com/icc-web/image/upload/t_player-headshot-square/prd/assets/players/6122/68436.png,https://www.icc-cricket.com/tournaments/t20cricketworldcup/teams/637/players/68436/anil-sah,NEP,https://assets-icc.sportz.io/static-assets/buildv3-stg/images/teams/637.png?v=7,NEPAL
Rohit Paudel (c),https://images.icc-cricket.com/icc-web/image/upload/t_player-headshot-square/prd/assets/players/6122/68435.png,https://www.icc-cricket.com/tournaments/t20cricketworldcup/teams/637/players/68435/rohit-paudel,NEP,https://assets-icc.sportz.io/static-assets/buildv3-stg/images/teams/637.png?v=7,NEPAL
Kushal Malla,https://images.icc-cricket.com/icc-web/image/upload/t_player-headshot-square/prd/assets/players/6122/70515.png,https://www.icc-cricket.com/tournaments/t20cricketworldcup/teams/637/players/70515/kushal-malla,NEP,https://assets-icc.sportz.io/static-assets/buildv3-stg/images/teams/637.png?v=7,NEPAL
Dipendra Singh Airee,https://images.icc-cricket.com/icc-web/image/upload/t_player-headshot-square/prd/assets/players/6122/66061.png,https://www.icc-cricket.com/tournaments/t20cricketworldcup/teams/637/players/66061/dipendra-singh-airee,NEP,https://assets-icc.sportz.io/static-assets/buildv3-stg/images/teams/637.png?v=7,NEPAL
Sompal Kami,https://images.icc-cricket.com/icc-web/image/upload/t_player-headshot-square/prd/assets/players/6122/64545.png,https://www.icc-cricket.com/tournaments/t20cricketworldcup/teams/637/players/64545/sompal-kami,NEP,https://assets-icc.sportz.io/static-assets/buildv3-stg/images/teams/637.png?v=7,NEPAL
Gulshan Jha,https://images.icc-cricket.com/icc-web/image/upload/t_player-headshot-square/prd/assets/players/6122/87400.png,https://www.icc-cricket.com/tournaments/t20cricketworldcup/teams/637/players/87400/gulshan-jha,NEP,https://assets-icc.sportz.io/static-assets/buildv3-stg/images/teams/637.png?v=7,NEPAL
Karan KC,https://images.icc-cricket.com/icc-web/image/upload/t_player-headshot-square/prd/assets/players/6122/65314.png,https://www.icc-cricket.com/tournaments/t20cricketworldcup/teams/637/players/65314/karan-kc,NEP,https://assets-icc.sportz.io/static-assets/buildv3-stg/images/teams/637.png?v=7,NEPAL
Sagar Dhakal,https://images.icc-cricket.com/icc-web/image/upload/t_player-headshot-square/prd/assets/players/6122/70244.png,https://www.icc-cricket.com/tournaments/t20cricketworldcup/teams/637/players/70244/sagar-dhakal,NEP,https://assets-icc.sportz.io/static-assets/buildv3-stg/images/teams/637.png?v=7,NEPAL
Abinash Bohara,https://images.icc-cricket.com/icc-web/image/upload/t_player-headshot-square/prd/assets/players/6122/70514.png,https://www.icc-cricket.com/tournaments/t20cricketworldcup/teams/637/players/70514/abinash-bohara,NEP,https://assets-icc.sportz.io/static-assets/buildv3-stg/images/teams/637.png?v=7,NEPAL
Michael Levitt,https://images.icc-cricket.com/icc-web/image/upload/t_player-headshot-square/prd/assets/players/6122/107562.png,https://www.icc-cricket.com/tournaments/t20cricketworldcup/teams/15/players/107562/michael-levitt,NED,https://assets-icc.sportz.io/static-assets/buildv3-stg/images/teams/15.png?v=7,NETHERLANDS
Max O'Dowd,https://images.icc-cricket.com/icc-web/image/upload/t_player-headshot-square/prd/assets/players/6122/65585.png,https://www.icc-cricket.com/tournaments/t20cricketworldcup/teams/15/players/65585/max-o'dowd,NED,https://assets-icc.sportz.io/static-assets/buildv3-stg/images/teams/15.png?v=7,NETHERLANDS
Vikramjit Singh,https://images.icc-cricket.com/icc-web/image/upload/t_player-headshot-square/prd/assets/players/6122/73256.png,https://www.icc-cricket.com/tournaments/t20cricketworldcup/teams/15/players/73256/vikramjit-singh,NED,https://assets-icc.sportz.io/static-assets/buildv3-stg/images/teams/15.png?v=7,NETHERLANDS
Sybrand Engelbrecht,https://images.icc-cricket.com/icc-web/image/upload/t_player-headshot-square/prd/assets/players/6122/4359.png,https://www.icc-cricket.com/tournaments/t20cricketworldcup/teams/15/players/4359/sybrand-engelbrecht,NED,https://assets-icc.sportz.io/static-assets/buildv3-stg/images/teams/15.png?v=7,NETHERLANDS
Scott Edwards (c) (wk),https://images.icc-cricket.com/icc-web/image/upload/t_player-headshot-square/prd/assets/players/6122/67919.png,https://www.icc-cricket.com/tournaments/t20cricketworldcup/teams/15/players/67919/scott-edwards,NED,https://assets-icc.sportz.io/static-assets/buildv3-stg/images/teams/15.png?v=7,NETHERLANDS
Bas De Leede,https://images.icc-cricket.com/icc-web/image/upload/t_player-headshot-square/prd/assets/players/6122/67717.png,https://www.icc-cricket.com/tournaments/t20cricketworldcup/teams/15/players/67717/bas-de-leede,NED,https://assets-icc.sportz.io/static-assets/buildv3-stg/images/teams/15.png?v=7,NETHERLANDS
Teja Nidamanuru,https://images.icc-cricket.com/icc-web/image/upload/t_player-headshot-square/prd/assets/players/6122/68002.png,https://www.icc-cricket.com/tournaments/t20cricketworldcup/teams/15/players/68002/teja-nidamanuru,NED,https://assets-icc.sportz.io/static-assets/buildv3-stg/images/teams/15.png?v=7,NETHERLANDS
Logan Van Beek,https://images.icc-cricket.com/icc-web/image/upload/t_player-headshot-square/prd/assets/players/6122/10176.png,https://www.icc-cricket.com/tournaments/t20cricketworldcup/teams/15/players/10176/logan-van-beek,NED,https://assets-icc.sportz.io/static-assets/buildv3-stg/images/teams/15.png?v=7,NETHERLANDS
Tim Pringle,https://images.icc-cricket.com/icc-web/image/upload/t_player-headshot-square/prd/assets/players/6122/72579.png,https://www.icc-cricket.com/tournaments/t20cricketworldcup/teams/15/players/72579/tim-pringle,NED,https://assets-icc.sportz.io/static-assets/buildv3-stg/images/teams/15.png?v=7,NETHERLANDS
Paul Van Meekeren,https://images.icc-cricket.com/icc-web/image/upload/t_player-headshot-square/prd/assets/players/6122/63893.png,https://www.icc-cricket.com/tournaments/t20cricketworldcup/teams/15/players/63893/paul-van-meekeren,NED,https://assets-icc.sportz.io/static-assets/buildv3-stg/images/teams/15.png?v=7,NETHERLANDS
Vivian Kingma,https://images.icc-cricket.com/icc-web/image/upload/t_player-headshot-square/prd/assets/players/6122/63937.png,https://www.icc-cricket.com/tournaments/t20cricketworldcup/teams/15/players/63937/vivian-kingma,NED,https://assets-icc.sportz.io/static-assets/buildv3-stg/images/teams/15.png?v=7,NETHERLANDS
Andy Balbirnie,https://images.icc-cricket.com/icc-web/image/upload/t_player-headshot-square/prd/assets/players/6122/4454.png,https://www.icc-cricket.com/tournaments/t20cricketworldcup/teams/13/players/4454/andy-balbirnie,IRE,https://assets-icc.sportz.io/static-assets/buildv3-stg/images/teams/13.png?v=7,IRELAND
Paul Stirling (c),https://images.icc-cricket.com/icc-web/image/upload/t_player-headshot-square/prd/assets/players/6122/4476.png,https://www.icc-cricket.com/tournaments/t20cricketworldcup/teams/13/players/4476/paul-stirling,IRE,https://assets-icc.sportz.io/static-assets/buildv3-stg/images/teams/13.png?v=7,IRELAND
Lorcan Tucker (wk),https://images.icc-cricket.com/icc-web/image/upload/t_player-headshot-square/prd/assets/players/6122/66087.png,https://www.icc-cricket.com/tournaments/t20cricketworldcup/teams/13/players/66087/lorcan-tucker,IRE,https://assets-icc.sportz.io/static-assets/buildv3-stg/images/teams/13.png?v=7,IRELAND
Harry Tector,https://images.icc-cricket.com/icc-web/image/upload/t_player-headshot-square/prd/assets/players/6122/66085.png,https://www.icc-cricket.com/tournaments/t20cricketworldcup/teams/13/players/66085/harry-tector,IRE,https://assets-icc.sportz.io/static-assets/buildv3-stg/images/teams/13.png?v=7,IRELAND
Curtis Campher,https://images.icc-cricket.com/icc-web/image/upload/t_player-headshot-square/prd/assets/players/6122/67442.png,https://www.icc-cricket.com/tournaments/t20cricketworldcup/teams/13/players/67442/curtis-campher,IRE,https://assets-icc.sportz.io/static-assets/buildv3-stg/images/teams/13.png?v=7,IRELAND
George Dockrell,https://images.icc-cricket.com/icc-web/image/upload/t_player-headshot-square/prd/assets/players/6122/9694.png,https://www.icc-cricket.com/tournaments/t20cricketworldcup/teams/13/players/9694/george-dockrell,IRE,https://assets-icc.sportz.io/static-assets/buildv3-stg/images/teams/13.png?v=7,IRELAND
Gareth Delany,https://images.icc-cricket.com/icc-web/image/upload/t_player-headshot-square/prd/assets/players/6122/67568.png,https://www.icc-cricket.com/tournaments/t20cricketworldcup/teams/13/players/67568/gareth-delany,IRE,https://assets-icc.sportz.io/static-assets/buildv3-stg/images/teams/13.png?v=7,IRELAND
Mark Adair,https://images.icc-cricket.com/icc-web/image/upload/t_player-headshot-square/prd/assets/players/6122/65690.png,https://www.icc-cricket.com/tournaments/t20cricketworldcup/teams/13/players/65690/mark-adair,IRE,https://assets-icc.sportz.io/static-assets/buildv3-stg/images/teams/13.png?v=7,IRELAND
Barry McCarthy,https://images.icc-cricket.com/icc-web/image/upload/t_player-headshot-square/prd/assets/players/6122/63157.png,https://www.icc-cricket.com/tournaments/t20cricketworldcup/teams/13/players/63157/barry-mccarthy,IRE,https://assets-icc.sportz.io/static-assets/buildv3-stg/images/teams/13.png?v=7,IRELAND
Joshua Little,https://images.icc-cricket.com/icc-web/image/upload/t_player-headshot-square/prd/assets/players/6122/66081.png,https://www.icc-cricket.com/tournaments/t20cricketworldcup/teams/13/players/66081/joshua-little,IRE,https://assets-icc.sportz.io/static-assets/buildv3-stg/images/teams/13.png?v=7,IRELAND
Ben White,https://images.icc-cricket.com/icc-web/image/upload/t_player-headshot-square/prd/assets/players/6122/24825.png,https://www.icc-cricket.com/tournaments/t20cricketworldcup/teams/13/players/24825/ben-white,IRE,https://assets-icc.sportz.io/static-assets/buildv3-stg/images/teams/13.png?v=7,IRELAND
Rohit Sharma (c),https://images.icc-cricket.com/icc-web/image/upload/t_player-headshot-square/prd/assets/players/6122/3852.png,https://www.icc-cricket.com/tournaments/t20cricketworldcup/teams/4/players/3852/rohit-sharma,IND,https://assets-icc.sportz.io/static-assets/buildv3-stg/images/teams/4.png?v=7,INDIA
Virat Kohli,https://images.icc-cricket.com/icc-web/image/upload/t_player-headshot-square/prd/assets/players/6122/3993.png,https://www.icc-cricket.com/tournaments/t20cricketworldcup/teams/4/players/3993/virat-kohli,IND,https://assets-icc.sportz.io/static-assets/buildv3-stg/images/teams/4.png?v=7,INDIA
Rishabh Pant (wk),https://images.icc-cricket.com/icc-web/image/upload/t_player-headshot-square/prd/assets/players/6122/65756.png,https://www.icc-cricket.com/tournaments/t20cricketworldcup/teams/4/players/65756/rishabh-pant,IND,https://assets-icc.sportz.io/static-assets/buildv3-stg/images/teams/4.png?v=7,INDIA
Suryakumar Yadav,https://images.icc-cricket.com/icc-web/image/upload/t_player-headshot-square/prd/assets/players/6122/11803.png,https://www.icc-cricket.com/tournaments/t20cricketworldcup/teams/4/players/11803/suryakumar-yadav,IND,https://assets-icc.sportz.io/static-assets/buildv3-stg/images/teams/4.png?v=7,INDIA
Shivam Dube,https://images.icc-cricket.com/icc-web/image/upload/t_player-headshot-square/prd/assets/players/6122/66044.png,https://www.icc-cricket.com/tournaments/t20cricketworldcup/teams/4/players/66044/shivam-dube,IND,https://assets-icc.sportz.io/static-assets/buildv3-stg/images/teams/4.png?v=7,INDIA
Hardik Pandya,https://images.icc-cricket.com/icc-web/image/upload/t_player-headshot-square/prd/assets/players/6122/63751.png,https://www.icc-cricket.com/tournaments/t20cricketworldcup/teams/4/players/63751/hardik-pandya,IND,https://assets-icc.sportz.io/static-assets/buildv3-stg/images/teams/4.png?v=7,INDIA
Ravindra Jadeja,https://images.icc-cricket.com/icc-web/image/upload/t_player-headshot-square/prd/assets/players/6122/3850.png,https://www.icc-cricket.com/tournaments/t20cricketworldcup/teams/4/players/3850/ravindra-jadeja,IND,https://assets-icc.sportz.io/static-assets/buildv3-stg/images/teams/4.png?v=7,INDIA
Axar Patel,https://images.icc-cricket.com/icc-web/image/upload/t_player-headshot-square/prd/assets/players/6122/62576.png,https://www.icc-cricket.com/tournaments/t20cricketworldcup/teams/4/players/62576/axar-patel,IND,https://assets-icc.sportz.io/static-assets/buildv3-stg/images/teams/4.png?v=7,INDIA
Jasprit Bumrah,https://images.icc-cricket.com/icc-web/image/upload/t_player-headshot-square/prd/assets/players/6122/63755.png,https://www.icc-cricket.com/tournaments/t20cricketworldcup/teams/4/players/63755/jasprit-bumrah,IND,https://assets-icc.sportz.io/static-assets/buildv3-stg/images/teams/4.png?v=7,INDIA
Arshdeep Singh,https://images.icc-cricket.com/icc-web/image/upload/t_player-headshot-square/prd/assets/players/6122/67905.png,https://www.icc-cricket.com/tournaments/t20cricketworldcup/teams/4/players/67905/arshdeep-singh,IND,https://assets-icc.sportz.io/static-assets/buildv3-stg/images/teams/4.png?v=7,INDIA
Mohammed Siraj,https://images.icc-cricket.com/icc-web/image/upload/t_player-headshot-square/prd/assets/players/6122/65799.png,https://www.icc-cricket.com/tournaments/t20cricketworldcup/teams/4/players/65799/mohammed-siraj,IND,https://assets-icc.sportz.io/static-assets/buildv3-stg/images/teams/4.png?v=7,INDIA
David Warner,https://images.icc-cricket.com/icc-web/image/upload/t_player-headshot-square/prd/assets/players/6122/5380.png,https://www.icc-cricket.com/tournaments/t20cricketworldcup/teams/1/players/5380/david-warner,AUS,https://assets-icc.sportz.io/static-assets/buildv3-stg/images/teams/1.png?v=7,AUSTRALIA
Travis Head,https://images.icc-cricket.com/icc-web/image/upload/t_player-headshot-square/prd/assets/players/6122/62023.png,https://www.icc-cricket.com/tournaments/t20cricketworldcup/teams/1/players/62023/travis-head,AUS,https://assets-icc.sportz.io/static-assets/buildv3-stg/images/teams/1.png?v=7,AUSTRALIA
Mitchell Marsh (c),https://images.icc-cricket.com/icc-web/image/upload/t_player-headshot-square/prd/assets/players/6122/10094.png,https://www.icc-cricket.com/tournaments/t20cricketworldcup/teams/1/players/10094/mitchell-marsh,AUS,https://assets-icc.sportz.io/static-assets/buildv3-stg/images/teams/1.png?v=7,AUSTRALIA
Glenn Maxwell,https://images.icc-cricket.com/icc-web/image/upload/t_player-headshot-square/prd/assets/players/6122/10085.png,https://www.icc-cricket.com/tournaments/t20cricketworldcup/teams/1/players/10085/glenn-maxwell,AUS,https://assets-icc.sportz.io/static-assets/buildv3-stg/images/teams/1.png?v=7,AUSTRALIA
Marcus Stoinis,https://images.icc-cricket.com/icc-web/image/upload/t_player-headshot-square/prd/assets/players/6122/4311.png,https://www.icc-cricket.com/tournaments/t20cricketworldcup/teams/1/players/4311/marcus-stoinis,AUS,https://assets-icc.sportz.io/static-assets/buildv3-stg/images/teams/1.png?v=7,AUSTRALIA
Tim David,https://images.icc-cricket.com/icc-web/image/upload/t_player-headshot-square/prd/assets/players/6122/67402.png,https://www.icc-cricket.com/tournaments/t20cricketworldcup/teams/1/players/67402/tim-david,AUS,https://assets-icc.sportz.io/static-assets/buildv3-stg/images/teams/1.png?v=7,AUSTRALIA
Matthew Wade (wk),https://images.icc-cricket.com/icc-web/image/upload/t_player-headshot-square/prd/assets/players/6122/4195.png,https://www.icc-cricket.com/tournaments/t20cricketworldcup/teams/1/players/4195/matthew-wade,AUS,https://assets-icc.sportz.io/static-assets/buildv3-stg/images/teams/1.png?v=7,AUSTRALIA
Mitchell Starc,https://images.icc-cricket.com/icc-web/image/upload/t_player-headshot-square/prd/assets/players/6122/10053.png,https://www.icc-cricket.com/tournaments/t20cricketworldcup/teams/1/players/10053/mitchell-starc,AUS,https://assets-icc.sportz.io/static-assets/buildv3-stg/images/teams/1.png?v=7,AUSTRALIA
Nathan Ellis,https://images.icc-cricket.com/icc-web/image/upload/t_player-headshot-square/prd/assets/players/6122/70324.png,https://www.icc-cricket.com/tournaments/t20cricketworldcup/teams/1/players/70324/nathan-ellis,AUS,https://assets-icc.sportz.io/static-assets/buildv3-stg/images/teams/1.png?v=7,AUSTRALIA
Adam Zampa,https://images.icc-cricket.com/icc-web/image/upload/t_player-headshot-square/prd/assets/players/6122/58913.png,https://www.icc-cricket.com/tournaments/t20cricketworldcup/teams/1/players/58913/adam-zampa,AUS,https://assets-icc.sportz.io/static-assets/buildv3-stg/images/teams/1.png?v=7,AUSTRALIA
Josh Hazlewood,https://images.icc-cricket.com/icc-web/image/upload/t_player-headshot-square/prd/assets/players/6122/4255.png,https://www.icc-cricket.com/tournaments/t20cricketworldcup/teams/1/players/4255/josh-hazlewood,AUS,https://assets-icc.sportz.io/static-assets/buildv3-stg/images/teams/1.png?v=7,AUSTRALIA
Mohammad Rizwan (wk),https://images.icc-cricket.com/icc-web/image/upload/t_player-headshot-square/prd/assets/players/6122/20286.png,https://www.icc-cricket.com/tournaments/t20cricketworldcup/teams/6/players/20286/mohammad-rizwan,PAK,https://assets-icc.sportz.io/static-assets/buildv3-stg/images/teams/6.png?v=7,PAKISTAN
Babar Azam (c),https://images.icc-cricket.com/icc-web/image/upload/t_player-headshot-square/prd/assets/players/6122/59429.png,https://www.icc-cricket.com/tournaments/t20cricketworldcup/teams/6/players/59429/babar-azam,PAK,https://assets-icc.sportz.io/static-assets/buildv3-stg/images/teams/6.png?v=7,PAKISTAN
Usman Khan,https://images.icc-cricket.com/icc-web/image/upload/t_player-headshot-square/prd/assets/players/6122/67777.png,https://www.icc-cricket.com/tournaments/t20cricketworldcup/teams/6/players/67777/usman-khan,PAK,https://assets-icc.sportz.io/static-assets/buildv3-stg/images/teams/6.png?v=7,PAKISTAN
Fakhar Zaman,https://images.icc-cricket.com/icc-web/image/upload/t_player-headshot-square/prd/assets/players/6122/57492.png,https://www.icc-cricket.com/tournaments/t20cricketworldcup/teams/6/players/57492/fakhar-zaman,PAK,https://assets-icc.sportz.io/static-assets/buildv3-stg/images/teams/6.png?v=7,PAKISTAN
Shadab Khan,https://images.icc-cricket.com/icc-web/image/upload/t_player-headshot-square/prd/assets/players/6122/65739.png,https://www.icc-cricket.com/tournaments/t20cricketworldcup/teams/6/players/65739/shadab-khan,PAK,https://assets-icc.sportz.io/static-assets/buildv3-stg/images/teams/6.png?v=7,PAKISTAN
Azam Khan,https://images.icc-cricket.com/icc-web/image/upload/t_player-headshot-square/prd/assets/players/6122/46260.png,https://www.icc-cricket.com/tournaments/t20cricketworldcup/teams/6/players/46260/azam-khan,PAK,https://assets-icc.sportz.io/static-assets/buildv3-stg/images/teams/6.png?v=7,PAKISTAN
Iftikhar Ahmed,https://images.icc-cricket.com/icc-web/image/upload/t_player-headshot-square/prd/assets/players/6122/24437.png,https://www.icc-cricket.com/tournaments/t20cricketworldcup/teams/6/players/24437/iftikhar-ahmed,PAK,https://assets-icc.sportz.io/static-assets/buildv3-stg/images/teams/6.png?v=7,PAKISTAN
Shaheen Afridi,https://images.icc-cricket.com/icc-web/image/upload/t_player-headshot-square/prd/assets/players/6122/66833.png,https://www.icc-cricket.com/tournaments/t20cricketworldcup/teams/6/players/66833/shaheen-afridi,PAK,https://assets-icc.sportz.io/static-assets/buildv3-stg/images/teams/6.png?v=7,PAKISTAN
Haris Rauf,https://images.icc-cricket.com/icc-web/image/upload/t_player-headshot-square/prd/assets/players/6122/70326.png,https://www.icc-cricket.com/tournaments/t20cricketworldcup/teams/6/players/70326/haris-rauf,PAK,https://assets-icc.sportz.io/static-assets/buildv3-stg/images/teams/6.png?v=7,PAKISTAN
Naseem Shah,https://images.icc-cricket.com/icc-web/image/upload/t_player-headshot-square/prd/assets/players/6122/69956.png,https://www.icc-cricket.com/tournaments/t20cricketworldcup/teams/6/players/69956/naseem-shah,PAK,https://assets-icc.sportz.io/static-assets/buildv3-stg/images/teams/6.png?v=7,PAKISTAN
Mohammad Amir,https://images.icc-cricket.com/icc-web/image/upload/t_player-headshot-square/prd/assets/players/6122/7768.png,https://www.icc-cricket.com/tournaments/t20cricketworldcup/teams/6/players/7768/mohammad-amir,PAK,https://assets-icc.sportz.io/static-assets/buildv3-stg/images/teams/6.png?v=7,PAKISTAN
George Munsey,https://images.icc-cricket.com/icc-web/image/upload/t_player-headshot-square/prd/assets/players/6122/64957.png,https://www.icc-cricket.com/tournaments/t20cricketworldcup/teams/16/players/64957/george-munsey,SCO,https://assets-icc.sportz.io/static-assets/buildv3-stg/images/teams/16.png?v=7,SCOTLAND
Michael Jones,https://images.icc-cricket.com/icc-web/image/upload/t_player-headshot-square/prd/assets/players/6122/62804.png,https://www.icc-cricket.com/tournaments/t20cricketworldcup/teams/16/players/62804/michael-jones,SCO,https://assets-icc.sportz.io/static-assets/buildv3-stg/images/teams/16.png?v=7,SCOTLAND
Brandon McMullen,https://images.icc-cricket.com/icc-web/image/upload/t_player-headshot-square/prd/assets/players/6122/97960.png,https://www.icc-cricket.com/tournaments/t20cricketworldcup/teams/16/players/97960/brandon-mcmullen,SCO,https://assets-icc.sportz.io/static-assets/buildv3-stg/images/teams/16.png?v=7,SCOTLAND
Richie Berrington (c),https://images.icc-cricket.com/icc-web/image/upload/t_player-headshot-square/prd/assets/players/6122/4023.png,https://www.icc-cricket.com/tournaments/t20cricketworldcup/teams/16/players/4023/richie-berrington,SCO,https://assets-icc.sportz.io/static-assets/buildv3-stg/images/teams/16.png?v=7,SCOTLAND
Matthew Cross (wk),https://images.icc-cricket.com/icc-web/image/upload/t_player-headshot-square/prd/assets/players/6122/63122.png,https://www.icc-cricket.com/tournaments/t20cricketworldcup/teams/16/players/63122/matthew-cross,SCO,https://assets-icc.sportz.io/static-assets/buildv3-stg/images/teams/16.png?v=7,SCOTLAND
Michael Leask,https://images.icc-cricket.com/icc-web/image/upload/t_player-headshot-square/prd/assets/players/6122/63917.png,https://www.icc-cricket.com/tournaments/t20cricketworldcup/teams/16/players/63917/michael-leask,SCO,https://assets-icc.sportz.io/static-assets/buildv3-stg/images/teams/16.png?v=7,SCOTLAND
Chris Greaves,https://images.icc-cricket.com/icc-web/image/upload/t_player-headshot-square/prd/assets/players/6122/71106.png,https://www.icc-cricket.com/tournaments/t20cricketworldcup/teams/16/players/71106/chris-greaves,SCO,https://assets-icc.sportz.io/static-assets/buildv3-stg/images/teams/16.png?v=7,SCOTLAND
Mark Watt,https://images.icc-cricket.com/icc-web/image/upload/t_player-headshot-square/prd/assets/players/6122/64635.png,https://www.icc-cricket.com/tournaments/t20cricketworldcup/teams/16/players/64635/mark-watt,SCO,https://assets-icc.sportz.io/static-assets/buildv3-stg/images/teams/16.png?v=7,SCOTLAND
Chris Sole,https://images.icc-cricket.com/icc-web/image/upload/t_player-headshot-square/prd/assets/players/6122/64634.png,https://www.icc-cricket.com/tournaments/t20cricketworldcup/teams/16/players/64634/chris-sole,SCO,https://assets-icc.sportz.io/static-assets/buildv3-stg/images/teams/16.png?v=7,SCOTLAND
Brad Wheal,https://images.icc-cricket.com/icc-web/image/upload/t_player-headshot-square/prd/assets/players/6122/65564.png,https://www.icc-cricket.com/tournaments/t20cricketworldcup/teams/16/players/65564/brad-wheal,SCO,https://assets-icc.sportz.io/static-assets/buildv3-stg/images/teams/16.png?v=7,SCOTLAND
Bradley Currie,https://images.icc-cricket.com/icc-web/image/upload/t_player-headshot-square/prd/assets/players/6122/93065.png,https://www.icc-cricket.com/tournaments/t20cricketworldcup/teams/16/players/93065/brad-currie,SCO,https://assets-icc.sportz.io/static-assets/buildv3-stg/images/teams/16.png?v=7,SCOTLAND
Finn Allen,https://images.icc-cricket.com/icc-web/image/upload/t_player-headshot-square/prd/assets/players/6122/66046.png,https://www.icc-cricket.com/tournaments/t20cricketworldcup/teams/5/players/66046/finn-allen,NZ,https://assets-icc.sportz.io/static-assets/buildv3-stg/images/teams/5.png?v=7,NEW ZEALAND
Devon Conway (wk),https://images.icc-cricket.com/icc-web/image/upload/t_player-headshot-square/prd/assets/players/6122/13177.png,https://www.icc-cricket.com/tournaments/t20cricketworldcup/teams/5/players/13177/devon-conway,NZ,https://assets-icc.sportz.io/static-assets/buildv3-stg/images/teams/5.png?v=7,NEW ZEALAND
Kane Williamson (c),https://images.icc-cricket.com/icc-web/image/upload/t_player-headshot-square/prd/assets/players/6122/4330.png,https://www.icc-cricket.com/tournaments/t20cricketworldcup/teams/5/players/4330/kane-williamson,NZ,https://assets-icc.sportz.io/static-assets/buildv3-stg/images/teams/5.png?v=7,NEW ZEALAND
Daryl Mitchell,https://images.icc-cricket.com/icc-web/image/upload/t_player-headshot-square/prd/assets/players/6122/57444.png,https://www.icc-cricket.com/tournaments/t20cricketworldcup/teams/5/players/57444/daryl-mitchell,NZ,https://assets-icc.sportz.io/static-assets/buildv3-stg/images/teams/5.png?v=7,NEW ZEALAND
Glenn Phillips,https://images.icc-cricket.com/icc-web/image/upload/t_player-headshot-square/prd/assets/players/6122/65295.png,https://www.icc-cricket.com/tournaments/t20cricketworldcup/teams/5/players/65295/glenn-phillips,NZ,https://assets-icc.sportz.io/static-assets/buildv3-stg/images/teams/5.png?v=7,NEW ZEALAND
Mark Chapman,https://images.icc-cricket.com/icc-web/image/upload/t_player-headshot-square/prd/assets/players/6122/60536.png,https://www.icc-cricket.com/tournaments/t20cricketworldcup/teams/5/players/60536/mark-chapman,NZ,https://assets-icc.sportz.io/static-assets/buildv3-stg/images/teams/5.png?v=7,NEW ZEALAND
Michael Bracewell,https://images.icc-cricket.com/icc-web/image/upload/t_player-headshot-square/prd/assets/players/6122/62325.png,https://www.icc-cricket.com/tournaments/t20cricketworldcup/teams/5/players/62325/michael-bracewell,NZ,https://assets-icc.sportz.io/static-assets/buildv3-stg/images/teams/5.png?v=7,NEW ZEALAND
Mitchell Santner,https://images.icc-cricket.com/icc-web/image/upload/t_player-headshot-square/prd/assets/players/6122/57903.png,https://www.icc-cricket.com/tournaments/t20cricketworldcup/teams/5/players/57903/mitchell-santner,NZ,https://assets-icc.sportz.io/static-assets/buildv3-stg/images/teams/5.png?v=7,NEW ZEALAND
Matt Henry,https://images.icc-cricket.com/icc-web/image/upload/t_player-headshot-square/prd/assets/players/6122/60544.png,https://www.icc-cricket.com/tournaments/t20cricketworldcup/teams/5/players/60544/matt-henry,NZ,https://assets-icc.sportz.io/static-assets/buildv3-stg/images/teams/5.png?v=7,NEW ZEALAND
Lockie Ferguson,https://images.icc-cricket.com/icc-web/image/upload/t_player-headshot-square/prd/assets/players/6122/63719.png,https://www.icc-cricket.com/tournaments/t20cricketworldcup/teams/5/players/63719/lockie-ferguson,NZ,https://assets-icc.sportz.io/static-assets/buildv3-stg/images/teams/5.png?v=7,NEW ZEALAND
Trent Boult,https://images.icc-cricket.com/icc-web/image/upload/t_player-headshot-square/prd/assets/players/6122/4338.png,https://www.icc-cricket.com/tournaments/t20cricketworldcup/teams/5/players/4338/trent-boult,NZ,https://assets-icc.sportz.io/static-assets/buildv3-stg/images/teams/5.png?v=7,NEW ZEALAND
Tanzid Hasan,https://images.icc-cricket.com/icc-web/image/upload/t_player-headshot-square/prd/assets/players/6122/70206.png,https://www.icc-cricket.com/tournaments/t20cricketworldcup/teams/2/players/70206/tanzid-hasan,BAN,https://assets-icc.sportz.io/static-assets/buildv3-stg/images/teams/2.png?v=7,BANGLADESH
Soumya Sarkar,https://images.icc-cricket.com/icc-web/image/upload/t_player-headshot-square/prd/assets/players/6122/61831.png,https://www.icc-cricket.com/tournaments/t20cricketworldcup/teams/2/players/61831/soumya-sarkar,BAN,https://assets-icc.sportz.io/static-assets/buildv3-stg/images/teams/2.png?v=7,BANGLADESH
Litton Das (wk),https://images.icc-cricket.com/icc-web/image/upload/t_player-headshot-square/prd/assets/players/6122/63206.png,https://www.icc-cricket.com/tournaments/t20cricketworldcup/teams/2/players/63206/litton-das,BAN,https://assets-icc.sportz.io/static-assets/buildv3-stg/images/teams/2.png?v=7,BANGLADESH
Najmul Hossain Shanto (c),https://images.icc-cricket.com/icc-web/image/upload/t_player-headshot-square/prd/assets/players/6122/63872.png,https://www.icc-cricket.com/tournaments/t20cricketworldcup/teams/2/players/63872/najmul-hossain-shanto,BAN,https://assets-icc.sportz.io/static-assets/buildv3-stg/images/teams/2.png?v=7,BANGLADESH
Towhid Hridoy,https://images.icc-cricket.com/icc-web/image/upload/t_player-headshot-square/prd/assets/players/6122/67719.png,https://www.icc-cricket.com/tournaments/t20cricketworldcup/teams/2/players/67719/towhid-hridoy,BAN,https://assets-icc.sportz.io/static-assets/buildv3-stg/images/teams/2.png?v=7,BANGLADESH
Shakib Al Hasan,https://images.icc-cricket.com/icc-web/image/upload/t_player-headshot-square/prd/assets/players/6122/3782.png,https://www.icc-cricket.com/tournaments/t20cricketworldcup/teams/2/players/3782/shakib-al-hasan,BAN,https://assets-icc.sportz.io/static-assets/buildv3-stg/images/teams/2.png?v=7,BANGLADESH
Mahmudullah,https://images.icc-cricket.com/icc-web/image/upload/t_player-headshot-square/prd/assets/players/6122/3956.png,https://www.icc-cricket.com/tournaments/t20cricketworldcup/teams/2/players/3956/mahmudullah,BAN,https://assets-icc.sportz.io/static-assets/buildv3-stg/images/teams/2.png?v=7,BANGLADESH
Rishad Hossain,https://images.icc-cricket.com/icc-web/image/upload/t_player-headshot-square/prd/assets/players/6122/70203.png,https://www.icc-cricket.com/tournaments/t20cricketworldcup/teams/2/players/70203/rishad-hossain,BAN,https://assets-icc.sportz.io/static-assets/buildv3-stg/images/teams/2.png?v=7,BANGLADESH
Taskin Ahmed,https://images.icc-cricket.com/icc-web/image/upload/t_player-headshot-square/prd/assets/players/6122/58314.png,https://www.icc-cricket.com/tournaments/t20cricketworldcup/teams/2/players/58314/taskin-ahmed,BAN,https://assets-icc.sportz.io/static-assets/buildv3-stg/images/teams/2.png?v=7,BANGLADESH
Tanzim Hasan Sakib,https://images.icc-cricket.com/icc-web/image/upload/t_player-headshot-square/prd/assets/players/6122/70921.png,https://www.icc-cricket.com/tournaments/t20cricketworldcup/teams/2/players/70921/tanzim-hasan-sakib,BAN,https://assets-icc.sportz.io/static-assets/buildv3-stg/images/teams/2.png?v=7,BANGLADESH
Mustafizur Rahman,https://images.icc-cricket.com/icc-web/image/upload/t_player-headshot-square/prd/assets/players/6122/63881.png,https://www.icc-cricket.com/tournaments/t20cricketworldcup/teams/2/players/63881/mustafizur-rahman,BAN,https://assets-icc.sportz.io/static-assets/buildv3-stg/images/teams/2.png?v=7,BANGLADESH
Phil Salt,https://images.icc-cricket.com/icc-web/image/upload/t_player-headshot-square/prd/assets/players/6122/65632.png,https://www.icc-cricket.com/tournaments/t20cricketworldcup/teams/3/players/65632/phil-salt,ENG,https://assets-icc.sportz.io/static-assets/buildv3-stg/images/teams/3.png?v=7,ENGLAND
Jos Buttler (c) (wk),https://images.icc-cricket.com/icc-web/image/upload/t_player-headshot-square/prd/assets/players/6122/9782.png,https://www.icc-cricket.com/tournaments/t20cricketworldcup/teams/3/players/9782/jos-buttler,ENG,https://assets-icc.sportz.io/static-assets/buildv3-stg/images/teams/3.png?v=7,ENGLAND
Will Jacks,https://images.icc-cricket.com/icc-web/image/upload/t_player-headshot-square/prd/assets/players/6122/66927.png,https://www.icc-cricket.com/tournaments/t20cricketworldcup/teams/3/players/66927/will-jacks,ENG,https://assets-icc.sportz.io/static-assets/buildv3-stg/images/teams/3.png?v=7,ENGLAND
Jonny Bairstow,https://images.icc-cricket.com/icc-web/image/upload/t_player-headshot-square/prd/assets/players/6122/19394.png,https://www.icc-cricket.com/tournaments/t20cricketworldcup/teams/3/players/19394/jonny-bairstow,ENG,https://assets-icc.sportz.io/static-assets/buildv3-stg/images/teams/3.png?v=7,ENGLAND
Moeen Ali,https://images.icc-cricket.com/icc-web/image/upload/t_player-headshot-square/prd/assets/players/6122/4688.png,https://www.icc-cricket.com/tournaments/t20cricketworldcup/teams/3/players/4688/moeen-ali,ENG,https://assets-icc.sportz.io/static-assets/buildv3-stg/images/teams/3.png?v=7,ENGLAND
Harry Brook,https://images.icc-cricket.com/icc-web/image/upload/t_player-headshot-square/prd/assets/players/6122/66374.png,https://www.icc-cricket.com/tournaments/t20cricketworldcup/teams/3/players/66374/harry-brook,ENG,https://assets-icc.sportz.io/static-assets/buildv3-stg/images/teams/3.png?v=7,ENGLAND
Liam Livingstone,https://images.icc-cricket.com/icc-web/image/upload/t_player-headshot-square/prd/assets/players/6122/63940.png,https://www.icc-cricket.com/tournaments/t20cricketworldcup/teams/3/players/63940/liam-livingstone,ENG,https://assets-icc.sportz.io/static-assets/buildv3-stg/images/teams/3.png?v=7,ENGLAND
Chris Jordan,https://images.icc-cricket.com/icc-web/image/upload/t_player-headshot-square/prd/assets/players/6122/26718.png,https://www.icc-cricket.com/tournaments/t20cricketworldcup/teams/3/players/26718/chris-jordan,ENG,https://assets-icc.sportz.io/static-assets/buildv3-stg/images/teams/3.png?v=7,ENGLAND
Jofra Archer,https://images.icc-cricket.com/icc-web/image/upload/t_player-headshot-square/prd/assets/players/6122/64254.png,https://www.icc-cricket.com/tournaments/t20cricketworldcup/teams/3/players/64254/jofra-archer,ENG,https://assets-icc.sportz.io/static-assets/buildv3-stg/images/teams/3.png?v=7,ENGLAND
Adil Rashid,https://images.icc-cricket.com/icc-web/image/upload/t_player-headshot-square/prd/assets/players/6122/4661.png,https://www.icc-cricket.com/tournaments/t20cricketworldcup/teams/3/players/4661/adil-rashid,ENG,https://assets-icc.sportz.io/static-assets/buildv3-stg/images/teams/3.png?v=7,ENGLAND
Mark Wood,https://images.icc-cricket.com/icc-web/image/upload/t_player-headshot-square/prd/assets/players/6122/57871.png,https://www.icc-cricket.com/tournaments/t20cricketworldcup/teams/3/players/57871/mark-wood,ENG,https://assets-icc.sportz.io/static-assets/buildv3-stg/images/teams/3.png?v=7,ENGLAND
